,Sample_00,Sample_01,Sample_02,Sample_03,Sample_04,Sample_05,Sample_06,Sample_07,Sample_08,Sample_09,Sample_10,Sample_11,Sample_12,Sample_13,Sample_14,Sample_15,Sample_16,Sample_17,Sample_18,Sample_19,Sample_20,Sample_21,Sample_22,Sample_23,Sample_24,Sample_25,Sample_26,Sample_27,Sample_28,Sample_29,Sample_30,Sample_31,Sample_32,Sample_33,Sample_34,Sample_35,Sample_36,Sample_37,Sample_38,Sample_39,Sample_40,Sample_41,Sample_42,Sample_43,Sample_44,Sample_45,Sample_46,Sample_47,Sample_48,Sample_49
GENE_000,51,89,43,53,35,25,10,0,9,53,96,182,150,50,28,41,37,203,144,31,191,166,57,138,28,18,26,14,226,68,136,307,13,24,49,12,107,52,159,498,4,382,18,158,50,0,28,1,409,48
GENE_001,291,108,163,45,7,61,15,44,235,287,239,199,4,16,46,26,29,71,5,4,7,21,11,353,74,107,212,89,79,18,135,176,70,39,16,246,81,31,17,40,49,22,153,111,5,56,230,4,103,6
GENE_002,6900,148,169,426,10,21,39,26,58,182,90,63,12,12,391,700,21,59,63,157,270,77,4,54,30,233,31,137,0,16,106,14,80,43,99,31,227,33,39,40,47,200,311,231,206,89,10,197,20,30
GENE_003,107,32,51,45,29,72,34,7,137,35,35,105,66,26,26,133,44,57,192,357,0,478,24,69,148,56,28,24,26,89,59,28,264,60,271,201,9,21,123,89,109,57,189,40,197,57,18,51,84,152
GENE_004,26,189,59,30,57,15,99,17,10,2,211,51,31,158,94,28,14,56,11,8,252,404,122,161,147,256,11,18,168,225,430,0,49,61,183,31,70,29,32,167,80,339,96,72,108,54,26,43,126,8
GENE_005,18,64,35,42,166,70,173,18,125,45,82,5,413,43,48,67,120,69,81,293,59,32,20,7,27,2,186,118,5,144,133,75,224,81,61,1250,18,345,29,55,139,18,282,163,42,118,23,89,19,82
GENE_006,3,6,287,83,127,11,148,249,34,29,250,43,70,14,133,23,78,91,22,40,14,10,239,1,106,91,131,76,479,222,189,62,44,11,283,28,59,187,24,69,36,13,7,79,21,55,1,18,68,71
GENE_007,196,9,14,27,152,104,25,21,49,220,5,108,107,49,205,97,108,57,212,268,105,263,127,98,5,33,37,53,232,95,49,22,55,109,228,132,171,87,69,81,93,0,2,78,121,149,51,75,73,118
GENE_008,94,43,287,260,38,144,35,72,4,17000,39,31,32,74,38,131,48,216,189,100,214,223,178,20,130,36,47,123,16,27,232,37,131,179,51,74,183,151,6,158,212,130,355,89,8,102,18300,159,66,314
GENE_009,136,150,127,24,53,12,336,101,750,8,290,191,42,2,129,38,122,32,267,229,47,95,50,26,168,212,201,76,210,4,136,277,231,69,94,8,182,2,220,121,5,34,127,63,58,114,63,58,146,137
GENE_010,1,122,84,221,45,71,0,79,6,73,35,10,46,85,69,96,17,4500,210,139,127,4,20250,395,32,29,285,57,127,278,147,112,152,9400,23,17,85,11,143,22,128,209,9,195,700,98,166,80,69,55
GENE_011,372,175,4,14,19,2,196,7,30,77,309,48,117,52,33,160,98,37,129,0,360,159,113,117,166,3,108,1,54,70,6,182,18,56,1,48,113,34,70,99,123,108,43,58,66,14,80,16,118,188
GENE_012,177,74,67,96,9,3850,26,44,13,18,279,14,73,50,29,11,37,155,19,10,29,15,39,192,197,81,50,36,22,184,96,159,21,102,62,45,83,117,7,23,160,76,119,239,7,114,0,109,88,133
GENE_013,1750,2400,45,215,89,19,241,2,102,47,231,40,3950,105,80,129,69,14,29,83,146,294,1800,228,25,341,150,0,21,108,36,250,10,250,138,217,77,234,12,62,30,80,127,157,3,80,104,69,168,209
GENE_014,16,13,19,22,427,79,35,53,3,52,88,2,77,125,19,46,44,17,66,10,36,59,208,17,33,6,13,273,95,189,108,3,89,15,103,82,226,34,4,243,69,27,22,92,54,91,282,88,107,118
GENE_015,22,53,107,349,12,66,52,31,99,77,100,30,162,110,169,11,150,170,93,60,57,111,32,258,26,28,18,31,68,27,76,35,51,155,241,17,18,14,1,13,20,13,60,265,84,93,81,26,134,121
GENE_016,28,56,364,61,6,247,125,75,12,107,176,56,10,40,6,78,218,18,149,317,29,32,7,201,46,70,41,18,89,105,13,56,199,35,109,1,73,9750,98,42,32,63,173,79,3450,439,90,224,20,14
GENE_017,75,14,81,285,154,78,96,141,305,132,143,68,145,90,11,17,139,98,22,24,57,67,33,6,55,188,36,16,47,138,79,104,458,7,15,11,96,51,62,93,359,7,356,181,21,49,127,47,172,1
GENE_018,57,37,114,117,30,92,49,82,279,19,107,92,78,43,58,189,24,328,12,72,0,145,33,386,68,36,87,5,21,105,65,86,224,82,27,105,161,116,59,209,70,246,93,30,6,15,178,327,800,304
GENE_019,35,77,5,46,154,46,79,56,26,164,417,29,126,109,12,2,29,70,63,45,34,3700,32,68,2,43,259,229,195,205,163,22,4,11,12,168,153,78,45,146,208,162,4650,9,11,70,3900,40,40,18
GENE_020,108,131,62,21,120,290,143,50,88,110,117,84,35,83,67,9,253,16,16,97,61,203,90,373,2,47,217,23,256,420,70,18,280,138,175,153,16,24,48,71,159,4250,66,132,128,14,39,243,241,19
GENE_021,10,677,12,41,286,160,3,181,5,246,375,65,54,8,44,96,63,2000,110,14,5250,126,73,172,83,48,70,95,107,2,61,52,11,109,274,166,30,141,60,77,63,55,75,37,2,188,6,82,15,10
GENE_022,39,293,77,7,60,29,2,29,265,56,4,37,32,94,108,97,264,158,85,33,98,9,143,76,46,20,3,111,19,54,125,36,59,54,24,31,262,58,13,182,492,65,9,91,197,33,13,7,194,6550
GENE_023,50,103,282,14,98,189,75,121,82,230,14,158,417,111,317,142,50,42,112,219,74,83,39,60,13,247,8,40,8,144,108,338,35,113,142,445,46,36,82,201,194,67,38,10,174,558,103,353,62,2
GENE_024,51,68,110,12,68,58,8,144,5,203,2900,77,66,57,140,38,15850,120,4,159,40,97,8,33,47,162,212,193,81,132,458,318,24,142,54,9,0,253,3,4350,71,136,75,297,199,21,86,60,12,125
GENE_025,148,100,2,63,100,179,118,50,40,3150,2950,45,588,216,11,160,235,140,332,180,328,46,16,73,59,388,33,21,69,79,48,13,15,23,37,167,17,0,296,20,37,16,44,48,217,55,17,169,100,4350
GENE_026,21,162,37,141,58,154,19,35,6,51,136,306,69,156,257,326,126,72,0,142,2400,47,151,9,121,45,42,10,108,195,106,133,40,111,422,13,356,54,119,77,6,95,54,1,97,17,128,77,37,10
GENE_027,85,8,84,20,24,15,59,56,55,285,21,194,26,25,52,77,0,171,37,54,33,5,7,230,11,5,23,7,240,116,24,19,1,110,42,34,34,42,0,280,65,164,374,60,196,41,40,30,114,15
GENE_028,90,50,47,12,62,99,27,14,109,128,365,393,70,255,62,142,47,40,113,134,89,55,175,114,520,12,28,33,110,87,164,121,300,17,105,66,106,7,1700,96,33,69,0,167,131,58,34,11,148,18
GENE_029,7,174,165,99,70,1400,92,4,58,261,42,130,6,45,53,72,241,67,3,47,140,39,29,164,60,46,27,62,250,43,168,175,125,135,124,4,136,8,422,128,111,0,42,235,35,128,9,32,80,31
GENE_030,92,65,151,13,148,38,15,6,62,118,57,47,266,134,38,8,10000,116,12,10,0,307,128,62,113,244,46,105,10,54,126,6,116,132,130,60,99,16,9,1,5,26,87,75,154,0,70,70,160,90
GENE_031,19,95,87,11,125,37,1,24,16,76,37,45,183,160,249,44,24,15,10,67,37,104,107,9,223,412,102,131,118,433,15,124,11,18,176,42,45,63,21,86,182,121,37,15,97,24,32,79,239,25
GENE_032,4,99,62,15,122,148,4,56,21,12,75,98,133,69,29,11,59,1550,77,21,177,57,9,91,3,162,31,16,250,231,472,234,50,38,71,98,44,32,64,91,54,274,111,241,1,27,176,44,84,114
GENE_033,277,15,27,276,15,27,324,178,8,26,5,413,4150,2000,81,455,179,105,200,48,63,147,111,36,77,32,58,120,59,119,303,26,89,282,101,134,196,178,40,53,64,232,37,386,143,86,164,11,21,341
GENE_034,345,51,5,186,134,0,9,22,154,337,17,85,95,249,30,28,92,86,66,35,54,164,49,1,82,101,20,21,339,196,43,12,11,5,104,13,111,30,412,110,21,183,119,2,235,39,17,47,127,192
GENE_035,159,43,47,49,67,124,127,265,11,41,129,202,590,31,154,118,172,67,97,83,286,63,131,82,5,87,6,575,82,12,95,81,350,26,17,1,2,139,85,170,268,292,208,3,57,82,16,23,57,173
GENE_036,36,1,51,97,226,18,12,292,87,9,16,1850,39,25,154,28,173,170,35,44,4,14,181,176,104,185,47,309,282,37,232,74,176,84,21,138,20,28,303,267,47,34,125,88,71,68,44,66,98,310
GENE_037,7,2,110,88,231,10,6,336,32,135,36,42,158,49,38,92,251,53,1,138,4750,158,5,134,23,70,4,11,158,225,68,210,28,334,164,83,42,2,56,24,161,0,1,70,64,170,73,71,105,76
GENE_038,88,172,102,100,4,1250,66,159,24,126,174,266,94,197,117,30,15,200,1,62,26,8,114,1650,127,31,32,113,63,70,80,54,75,30,14,70,51,32,25,84,28,41,138,99,145,236,39,68,118,164
GENE_039,53,32,7,139,195,40,60,51,112,26,7,138,378,249,133,169,14,123,229,269,12,192,6,183,60,1,198,216,3,102,75,50,68,191,112,421,89,192,1550,47,5,83,19,34,15,379,55,31,85,156
GENE_040,7,58,43,95,3,64,266,11,65,25,54,366,161,14,3350,12,6,42,10,13,22,41,43,49,151,141,2600,8,121,233,87,111,42,35,2,58,47,14,96,46,102,44,116,2,119,190,24,12,25,365
GENE_041,67,41,22,35,39,5,290,80,58,61,3,149,607,193,102,221,264,40,880,117,108,103,3,16,280,77,13,18,30,52,90,5,151,47,42,19,201,54,83,79,422,4,112,93,32,180,38,87,137,117
GENE_042,3,245,17,6,75,387,144,75,92,0,43,63,100,1500,76,8550,67,116,25,122,5,127,38,351,172,71,254,42,34,82,49,3,112,583,105,99,63,0,104,167,102,69,160,13,29,364,53,338,137,24
GENE_043,255,28,151,58,11,126,106,198,63,151,108,80,14,351,8,96,4,227,109,316,93,1,17,1,73,314,117,9,2,8,80,51,203,149,128,161,79,107,28,263,98,28,64,34,173,174,442,107,4,17
GENE_044,21,50,6,236,136,29,50,569,41,36,10,233,76,113,115,7,31,14,295,42,293,56,64,24,15,68,472,221,90,510,207,9,0,26,94,59,52,293,32,95,63,6550,33,85,20,17,173,207,42,42
GENE_045,127,202,52,85,0,32,42,64,69,187,207,72,116,1,67,24,32,80,38,38,181,88,55,53,476,32,32,220,36,345,164,280,105,16,3150,124,35,54,35,483,1700,8,73,18,193,160,158,13,364,124
GENE_046,33,177,23,169,18,72,307,45,127,165,215,26,145,2,51,193,174,12,134,24,33,189,152,11,99,42,25,275,406,32,129,123,513,8,29,77,114,88,215,91,55,336,85,80,364,132,71,8,27,104
GENE_047,80,17,222,520,87,106,92,27,2,93,14,60,0,15,198,15,133,29,41,26,12,119,96,15,55,0,29,33,6550,214,55,142,163,69,101,59,1150,64,192,179,13,195,160,133,34,91,32,141,15,27
GENE_048,71,157,83,19,130,18,89,1,57,39,475,67,76,17,4,17,111,130,41,53,51,248,119,85,70,18,152,6,48,154,162,25,52,41,17,5,115,374,15,23,41,229,18,5,240,19,180,51,104,194
GENE_049,20,51,16,118,235,23,32,79,7,74,31,13,18,138,19,77,1,9,18,176,57,9,8,160,10,3,17,52,31,15,52,69,14,52,4,16,69,128,13,1,54,8100,190,88,84,3,39,199,36,371
GENE_050,342,66,59,108,94,217,3,78,16,69,7,118,207,25,16,29,255,100,173,34,329,5,3,104,73,27,16,216,114,1,116,16,66,63,3,61,650,9,7,3,19,117,55,71,27,32,83,82,121,143
GENE_051,158,15,133,386,105,31,313,166,80,41,0,20,14,330,3,18,21,10950,29,14,466,117,352,6,22,5,134,5950,28,0,77,25,58,481,34,49,3,6,5,218,169,5,141,7,76,191,30,5,31,4
GENE_052,268,9,295,379,50,60,33,78,205,194,44,48,117,97,31,87,126,332,37,32,52,38,48,260,1900,41,129,658,48,7,44,82,78,0,8,159,18,52,410,11,50,114,1900,118,169,29,142,59,55,82
GENE_053,247,122,23,123,0,193,60,239,189,65,93,176,40,126,451,42,9,29,694,9,18,69,53,237,68,10,307,217,17,88,60,31,5,65,37,17,153,115,170,101,45,132,114,39,105,2800,76,117,630,252
GENE_054,4600,63,237,28,12,117,8,5050,2,164,37,59,48,24,30,20,8,149,38,243,228,97,2,34,294,250,380,50,34,64,176,219,37,6,39,8,45,36,2,88,78,7,181,22,64,596,244,62,43,40
GENE_055,252,60,265,170,68,36,168,173,65,15,170,182,270,225,124,68,1,249,44,201,168,20950,1050,83,90,259,105,2,9,531,217,561,207,106,38,9,171,128,1,152,266,83,85,25,28,83,87,1600,6,90
GENE_056,5,139,247,8,107,126,1,18,95,15,162,42,25,125,17,55,92,6,421,46,66,3,275,56,41,4400,48,0,48,26,17,0,76,2,161,111,69,68,111,35,91,56,120,84,138,145,17,261,118,23
GENE_057,19,117,97,144,49,3,179,178,19,350,43,335,7,187,96,144,97,43,53,28,55,19,106,101,11,7750,49,92,269,126,57,136,56,131,57,91,5,58,46,46,37,65,125,82,32,171,469,132,92,228
GENE_058,6,20,101,248,109,131,10,115,123,100,144,16,5,297,435,13,4,251,40,241,57,170,49,385,125,108,49,242,10,51,57,6,31,221,470,99,178,76,8,36,35,25,104,14,29,215,58,54,55,206
GENE_059,41,105,51,56,71,67,233,18,110,77,277,1,56,19,26,102,49,25,166,0,201,0,253,478,68,156,61,65,59,10,73,93,34,361,330,13,245,259,70,21,35,128,127,278,138,47,28,82,238,40
GENE_060,48,11,142,81,5,158,123,20,244,67,9,237,92,14,199,39,194,257,33,105,24,51,73,64,6,102,39,204,21,203,375,25,150,18,373,83,5,29,0,24,22,242,155,1900,89,17,29,99,15,57
GENE_061,28,133,82,61,16,313,12,256,0,30,37,141,37,182,578,42,13,63,20,268,151,145,135,9,114,56,22,96,50,41,78,355,54,400,60,132,18,156,51,25,11,139,25,25,24,249,10,60,61,0
GENE_062,182,103,109,58,194,241,89,4,28,134,66,28,111,234,83,23,28,13,44,85,2,20,72,46,47,208,37,13,131,226,182,202,15,62,4,135,123,1,31,11,62,36,30,17,123,95,6,45,15,54
GENE_063,46,334,57,38,131,248,45,62,199,12,79,401,10,90,29,4,56,68,126,0,248,24,62,49,53,62,336,160,51,295,108,86,180,91,197,57,597,7,35,137,25,406,351,14,30,85,53,50,8,153
GENE_064,24,10,138,142,225,72,30,30,111,91,70,76,217,45,101,199,163,36,4,25,70,37,8,85,177,44,214,51,127,9300,7,17,25,0,72,7,196,319,36,102,10,41,186,410,147,86,332,27,64,1
GENE_065,71,2,186,284,10,47,212,96,214,86,45,280,208,110,195,34,35,37,34,250,28,14,141,312,14,111,79,8,377,1,113,164,6,42,105,196,11,99,33,85,17,29,90,132,64,6,650,142,288,19
GENE_066,11,37,17,281,478,55,45,181,9,254,107,67,455,41,7,107,579,79,51,1,0,110,11,32,35,281,17,182,102,347,125,60,89,37,151,82,105,97,1,101,77,315,2,143,98,19,223,172,132,7100
GENE_067,140,27,8100,19,19,120,50,36,76,78,111,69,246,24,65,313,56,51,35,47,91,21,146,4050,51,66,220,125,47,15,161,110,41,71,105,214,99,42,90,40,33,174,184,47,92,117,136,137,22,107
GENE_068,9,33,76,211,2,222,12,44,83,15,89,60,39,64,45,85,54,66,105,173,33,32,26,41,0,91,36,68,48,261,7,120,2,21,145,47,5050,18,74,109,34,133,152,50,13,6,165,63,67,438
GENE_069,472,201,187,121,586,26,54,427,5,91,18,39,42,31,41,51,9,6,40,190,91,79,26,234,186,73,96,3,113,94,34,53,69,111,900,26,93,46,92,38,90,6,314,420,108,103,118,27,191,67
GENE_070,150,42,51,35,34,263,198,170,60,11,72,69,136,77,186,39,106,144,88,66,39,330,248,431,199,243,237,42,103,51,153,0,258,81,24,35,35,98,19,142,113,25,2,18,186,4,107,324,18,10
GENE_071,26,31,62,9,100,157,47,223,80,27,41,60,17,309,62,245,33,61,49,24,13,245,76,204,104,108,51,51,45,115,38,40,119,32,90,57,112,106,553,120,28,3,2,46,226,0,17,144,25,124
GENE_072,0,131,245,32,24,378,324,53,22,250,49,1,33,162,34,111,101,182,21,108,65,194,15,44,241,61,232,26,131,67,235,51,3,416,121,99,127,18,19,186,66,134,75,20,117,220,91,141,950,5
GENE_073,166,57,31,231,72,228,321,34,25,84,254,25,13,320,76,95,22,166,29,32,76,78,236,32,22,99,31,18,65,157,74,2250,53,1,200,119,84,55,176,6,125,22,201,36,336,239,49,95,92,11
GENE_074,114,160,182,104,244,34,13,57,106,8,60,25,61,170,850,53,49,36,22,25,78,32,50,60,21,17,279,19,387,66,0,160,1550,36,161,32,83,77,33,206,103,17,479,132,85,29,4,27,2,96
GENE_075,134,9,78,136,41,8,13,117,64,66,2,194,82,36,29,192,207,0,5,169,48,118,8,139,11,40,36,57,243,48,127,42,106,23,439,21,23,301,60,11,6,20,26,31,26,186,147,18,88,66
GENE_076,150,56,74,31,118,14,202,11,9500,261,50,102,17,197,65,125,112,249,93,14,74,56,37,0,93,141,49,186,187,46,62,2400,64,77,304,23,95,87,44,117,44,107,3,217,97,7,85,4,177,39
GENE_077,5,250,39,124,18,30,42,28,2650,140,169,132,3,278,60,32,21,148,106,0,85,152,77,518,70,77,88,139,3,41,41,200,22,239,92,266,14,96,41,20,125,58,23,8,233,53,148,90,169,60
GENE_078,51,4,83,4,89,90,1,4,22,8,161,349,118,300,38,83,91,10,17,48,16,1,48,235,175,39,46,1,46,68,0,124,60,121,60,800,4,136,79,3,23,268,221,44,40,62,72,13,112,196
GENE_079,14,238,50,46,39,154,29,56,20200,28,71,96,3,128,5,63,115,131,111,60,18,67,279,5,4500,48,60,0,89,14,20,29,259,6,127,43,138,46,28,28,21,43,71,213,37,64,87,3000,24,117
GENE_080,203,19,2,104,1250,239,86,182,249,118,29,420,337,19,85,0,8,2,414,129,8,41,29,56,34,166,78,9,97,122,20,26,47,193,34,73,102,57,88,58,81,183,187,90,342,37,119,194,8700,57
GENE_081,95,73,27,12,27,82,139,3,2,218,48,38,36,2,164,156,55,1,5,154,119,47,15,140,9000,69,64,46,143,40,91,89,181,33,46,80,90,79,31,16,35,75,64,132,155,104,33,32,324,39
GENE_082,52,51,1,166,23,0,18,102,146,1,78,18,122,16,178,14,30,72,67,122,79,92,26,29,61,33,325,229,230,73,135,431,70,10,132,203,260,139,382,9,48,109,2,27,4,116,223,1750,22,93
GENE_083,5,41,379,27,248,22,18,283,15,174,855,51,59,339,30,85,59,5,144,100,56,108,10,18,309,34,29,18,168,4300,22,56,130,59,294,15,56,111,16,457,63,17,81,58,77,308,58,128,214,1
GENE_084,42,234,306,82,54,13,276,24,3,79,93,65,3,67,97,37,148,336,3,123,157,8,46,115,87,75,40,65,31,203,141,35,154,204,226,10,53,21,153,10,145,154,61,199,36,7,125,72,162,138
GENE_085,47,4,42,61,30,40,133,120,24,67,134,233,58,219,233,37,19,252,154,23,41,303,202,240,18,133,202,2,56,194,222,2,129,4,4,30,56,55,64,16,79,12,69,132,40,235,34,74,20450,176
GENE_086,142,118,120,81,56,75,5000,375,27,329,73,83,59,60,62,68,14,89,411,63,98,47,37,285,210,532,49,0,58,450,94,145,105,76,25,49,62,70,3,36,213,116,284,46,6,159,109,13,35,11
GENE_087,90,332,40,10,27,8,7550,377,169,140,45,23,200,105,259,613,25,5,9,93,11,249,34,0,221,28,8,0,143,26,145,33,308,47,31,43,63,84,17,40,9,58,51,28,26,33,6,38,252,48
GENE_088,233,70,116,3,137,26,64,23,108,171,166,138,131,5,240,58,310,44,180,5,126,88,172,204,59,151,62,135,192,7,25,138,251,81,42,37,135,42,248,14,133,22,183,14,63,23,256,53,15,12
GENE_089,64,290,188,208,355,13,120,11,420,48,60,63,4,26,29,22,127,54,50,41,124,110,32,66,1,88,78,1,39,58,9,32,36,28,4,188,25,77,158,191,82,58,8,199,8,17,146,373,23,321
GENE_090,18,2,273,30,2750,106,48,23,115,68,483,13,32,40,37,91,1,62,9,62,153,15400,63,28,3,80,95,33,79,213,41,4,109,17750,18,166,45,117,21,266,162,189,70,133,213,59,110,6,7,183
GENE_091,136,50,50,200,216,76,29,134,38,100,54,70,40,103,23,28,38,17,78,67,209,202,2,106,35,342,38,99,143,85,124,3700,101,12,104,143,72,60,2,69,35,23,103,110,138,66,35,191,47,4
GENE_092,139,30,159,715,86,71,124,143,127,1800,10,245,10,18,19,10,31,92,10,84,140,16,38,564,119,41,350,112,3,48,121,247,22,14,33,111,15,65,20,83,61,16,8,150,47,90,183,15,0,336
GENE_093,77,127,35,30,16,63,51,115,767,74,103,201,59,158,258,6,95,46,79,132,180,0,14,40,45,22,123,2,334,143,308,28,33,4,254,7,114,181,88,516,182,70,36,260,10,51,160,441,2450,12
GENE_094,147,386,493,36,98,334,401,40,145,25,6,89,427,51,243,100,54,281,1,54,39,35,15,34,0,218,121,33,177,121,99,17,34,176,54,13,15,139,130,224,171,98,144,144,486,119,63,19,87,3
GENE_095,81,29,2,110,56,31,44,26,131,13,18,52,64,166,3,63,316,330,124,263,44,63,56,131,191,7,210,106,81,123,63,16,39,7,17,143,78,55,50,49,55,49,19,53,74,119,22,1700,7,2
GENE_096,75,100,84,312,114,67,274,77,300,54,41,10,141,12,78,67,17,95,57,38,306,125,29,5,352,183,2,55,141,84,163,110,189,29,160,81,17,558,34,129,170,33,14,15,55,75,15,178,169,150
GENE_097,58,18,121,236,225,144,255,60,13,129,130,64,112,109,88,21,99,100,72,67,258,85,11,158,34,92,82,54,174,72,16,52,142,30,254,112,2,8,18,36,103,7,1750,118,16,67,51,1500,28,269
GENE_098,3,83,122,76,65,74,25,132,114,220,70,134,197,30,45,161,138,15,22,0,77,27,57,105,150,18,174,23,67,78,153,42,160,40,260,138,43,39,46,6,64,3,183,25,28,29,165,99,2,8
GENE_099,15,62,11,162,241,289,158,38,193,60,1,41,36,165,103,18,161,26,42,40,38,88,149,187,36,24,5,2,56,81,43,40,246,126,66,259,47,5,0,0,365,4,137,150,156,76,139,95,38,409
GENE_100,4,360,286,7,109,48,45,48,277,95,92,31,153,51,289,236,2300,225,15,209,216,111,136,22,159,10,130,56,178,22,14,32,76,284,277,114,194,170,0,69,4,219,152,54,83,7,59,121,13,40
GENE_101,93,76,17,375,58,62,231,32,21,6,45,261,214,112,30,83,118,131,130,33,41,87,27,198,75,124,438,107,242,22,11,60,173,219,115,26,37,132,166,68,52,15,34,15,430,81,16,170,151,111
GENE_102,35,37,106,362,90,9,56,25,59,223,245,174,14,273,17,3,34,18,15,27,22,101,31,63,44,11,92,154,10,43,431,10,129,180,21,8,272,116,64,13,43,36,11,26,312,99,24,33,45,468
GENE_103,59,8,39,19,39,84,146,34,116,98,77,92,37,2,3,322,57,73,94,67,109,65,114,11,49,111,56,78,268,203,103,60,65,57,70,49,165,24,162,212,300,441,100,37,21,400,10,184,13,0
GENE_104,218,20,29,21,405,39,63,8,28,148,6200,16,355,1,47,38,220,247,35,12,3,86,87,227,20,17,73,53,34,64,20,37,25,165,49,120,14,105,12,89,14,290,98,44,770,58,1150,339,52,99
GENE_105,34,28,85,8,124,19,25,41,106,178,30,19,154,152,29,48,295,36,101,73,54,265,122,122,36,165,124,83,116,280,27,252,62,157,52,36,17,43,169,55,90,5,114,25,428,67,0,116,61,111
GENE_106,47,32,47,44,4,83,27,8,40,29,135,8,29,89,60,38,132,23,80,39,171,53,0,16,65,256,75,124,123,167,61,42,23,23,49,9,41,9400,253,77,131,78,53,24,156,58,112,79,33,51
GENE_107,149,184,15,182,38,73,54,23,38,71,133,93,96,39,70,118,52,14200,68,46,37,7250,12,31,109,86,144,7600,36,211,7,13,36,41,24,664,45,23,71,11,16,101,74,59,57,27,80,381,38,11
GENE_108,29,77,21,48,108,8,135,129,60,310,241,17,53,68,131,70,167,63,122,160,294,32,170,29,35,341,54,9,32,21,16,292,33,78,57,61,91,22,10,224,13,350,34,227,33,6,434,7,116,94
GENE_109,8,86,48,15,13,135,90,51,83,8,3,179,70,10,70,12,4,46,47,99,299,33,177,296,250,61,51,139,6550,13,145,269,139,338,64,28,12,336,16,35,4,135,47,7,11,113,7000,45,100,6
GENE_110,36,5,133,35,2,116,143,119,58,107,61,480,48,15,34,11,5,32,180,55,151,280,44,199,68,25,142,10,20,19,168,12,71,9,32,15,74,78,23,27,19,417,115,35,4,7,32,27,26,269
GENE_111,19,195,222,444,68,25,41,135,72,303,100,52,33,71,182,122,117,217,133,88,444,114,298,35,63,10,115,212,214,100,418,191,7950,20750,21,188,92,65,17,64,171,52,143,83,190,49,117,9,294,67
GENE_112,268,156,8,97,40,57,67,78,45,38,7,53,121,9250,200,22,28,194,88,137,83,227,38,68,89,74,128,41,25,76,5,203,226,11,21,170,86,44,280,25,288,52,3,228,322,1,2,192,37,233
GENE_113,188,6,44,56,66,115,4,333,15,186,63,103,130,55,25,17,305,42,191,146,85,491,232,34,29,8,214,91,39,16,224,1950,97,55,19,98,86,186,139,24,242,116,264,28,156,13800,447,45,74,170
GENE_114,88,124,850,17,37,71,147,2,2,258,284,278,209,78,47,83,60,3,186,20,160,0,48,135,11,208,30,49,25,131,37,18,61,36,58,86,191,44,34,150,46,134,28,43,153,123,97,16,99,0
GENE_115,210,57,1,488,14,44,467,128,23,135,74,215,10,184,145,152,57,72,88,41,57,429,84,19,44,163,34,70,27,67,34,147,212,67,24,309,106,46,169,92,143,146,259,184,50,34,20,48,15,64
GENE_116,186,9,113,167,110,32,55,302,89,30,445,5,162,35,5,34,105,25,6,35,41,10,113,41,4,71,69,198,383,135,15,3,87,332,113,27,290,12,153,289,181,10,76,56,124,32,61,46,36,221
GENE_117,26,63,79,28,54,89,0,214,171,34,5,23,25,111,38,30,173,11,83,19,98,3,11,100,49,116,314,30,34,248,427,77,208,88,43,41,112,80,35,304,183,167,73,190,123,44,270,7,62,44
GENE_118,249,65,16,3,27,283,15,17,16,150,133,105,64,190,64,171,66,49,54,0,104,130,7,224,114,5,184,92,105,265,358,42,25,42,296,3,58,235,4,490,9,198,48,71,31,66,185,69,35,36
GENE_119,78,22,38,6,33,121,118,35,13,177,86,121,221,25,21,18,23,9,81,17,132,37,2850,114,175,17,54,106,138,1300,186,97,83,107,7,48,17,346,0,9,18,1,248,70,148,107,33,8,25,107
GENE_120,161,290,2,16,90,7,85,12,137,178,2750,17,59,45,18,93,161,296,114,162,117,236,13,311,92,127,86,15,3,22,14,162,20,63,36,45,0,514,40,249,239,5,18,85,19,7,36,30,107,120
GENE_121,219,179,190,79,7,3150,171,94,30,98,347,74,17,376,55,299,42,6,4200,66,122,80,78,261,107,73,119,153,230,44,196,181,111,266,134,326,13,63,4,36,119,79,93,13,32,96,184,141,112,129
GENE_122,36,116,353,245,17,235,32,120,271,38,15,154,17,421,142,174,15,54,120,44,139,2300,57,129,162,76,77,711,19,3,103,684,78,46,131,50,19,158,16,98,190,59,26,45,91,6,258,38,175,44
GENE_123,17,63,10,61,7,13,156,37,119,11,206,33,72,26,181,12,107,18,108,96,64,8,13,34,150,10,9,28,71,3,14,107,76,89,60,187,25,96,25,198,68,339,235,26,63,226,255,105,14,8
GENE_124,23,53,30,171,158,438,129,77,44,141,123,199,134,8,397,42,12,111,7,122,13,52,111,116,49,101,52,136,110,395,27,27,98,210,196,146,147,82,18,8,52,39,950,115,117,82,296,23,141,281
GENE_125,55,124,220,68,143,348,35,126,37,117,31,2,611,36,7,16,328,8,19,37,141,38,3,22,77,152,3,21,93,357,129,22,47,306,10,21,46,153,16,18,89,84,109,260,85,256,54,70,260,33
GENE_126,169,82,243,136,144,5,70,43,74,225,229,154,160,51,24,309,86,3850,112,71,2,8,13,34,35,79,104,305,122,49,176,42,24,140,62,326,32,178,20,135,68,74,53,19,6,95,198,10,92,167
GENE_127,182,5,55,149,136,266,19,192,8,108,57,90,203,54,132,450,417,127,56,5,497,118,124,125,98,36,41,71,244,171,201,10000,200,275,16,98,3,1,132,39,45,67,92,11,374,53,38,2,99,44
GENE_128,0,71,7,16,113,45,46,168,6,168,159,37,157,90,66,23,43,290,153,91,192,378,61,223,61,20,152,400,265,30,70,45,28,61,49,89,73,303,61,118,36,113,12,87,124,144,197,78,334,70
GENE_129,86,146,6,54,65,163,227,10,15,134,62,109,235,216,45,100,386,116,11,49,116,52,32,52,55,34,3150,7,98,60,74,127,446,162,112,2,115,171,117,9,16,76,51,49,227,7,33,146,203,47
GENE_130,56,59,83,104,105,58,61,125,138,93,190,157,9,45,23,195,23,12,22,57,333,33,15,81,19,77,8,143,43,133,109,4,58,4,11,142,230,123,273,359,65,2,550,4,181,85,79,124,82,8
GENE_131,19,5,54,7,2,56,181,32,62,57,99,284,267,186,30,25,3,9,93,55,104,6,108,48,84,39,58,68,45,86,148,52,63,100,9,7,79,192,0,61,78,208,349,260,29,19,51,155,155,38
GENE_132,13,175,3,44,89,99,106,77,0,221,14,49,44,11,55,21,200,129,85,99,9,24,22,70,132,150,22,35,230,196,11,21,119,3,48,18,0,83,328,209,102,24,27,306,250,153,232,56,16,311
GENE_133,29,24,96,77,146,146,21,319,132,103,85,124,254,5,16,1,53,24,26,75,93,44,436,72,80,16,19,135,214,413,142,281,111,35,31,8,5,155,37,111,19,36,507,10050,411,211,5,114,60,14
GENE_134,271,35,0,573,68,3,80,10900,62,58,20,87,5,76,359,57,6,68,54,60,24,41,208,124,7,63,38,92,39,3,40,170,16,112,120,2400,33,102,38,285,257,87,60,35,10,99,279,9,123,86
GENE_135,33,19,150,83,46,100,59,38,81,11,46,84,128,250,12,232,65,358,3,1,1500,82,14,163,237,67,400,265,19,234,55,14,38,15,6,183,12,80,89,84,136,70,6,14,20,33,58,208,1450,343
GENE_136,75,43,37,162,26,20,48,33,20,37,21,237,130,44,433,224,49,182,2,90,63,11,166,368,0,12,319,28,172,60,8,59,25,19,330,139,146,28,57,31,13,105,0,94,475,55,71,43,63,2
GENE_137,131,123,5,58,95,40,14,34,90,90,3,1,553,228,9300,13,48,180,14,206,144,2,44,48,233,502,196,284,102,57,91,4,6,10,79,13,14,206,7,104,10,65,77,25,30,95,182,199,18,6
GENE_138,46,66,72,154,112,50,63,78,20750,30,23,36,173,23,53,29,83,212,91,7100,63,231,59,14,155,175,22,91,29,1,13,124,2,136,82,180,15,199,136,545,5050,46,105,25,173,51,103,76,214,261
GENE_139,351,10,53,92,186,52,6,10,4,23,76,68,45,122,153,52,24,105,9500,455,70,9300,7,111,4,45,153,64,80,176,233,23,108,55,57,48,111,337,28,197,46,73,80,111,9,149,314,6,238,141
GENE_140,307,229,360,10700,44,31,6,80,41,91,67,21,91,40,123,143,154,132,32,14,44,23,9,65,27,121,2,6,10,161,96,179,66,229,126,3,29,13,275,62,38,13,2,141,143,53,71,55,67,72
GENE_141,27,245,70,63,137,7,52,0,26,900,58,223,51,1,18,98,95,46,4,26,75,93,208,195,40,118,3,140,22,230,493,14,237,42,43,24,336,28,406,173,182,355,42,66,126,65,75,141,21,77
GENE_142,72,202,35,86,80,18,29,32,26,160,20,94,18,79,47,75,245,636,122,80,30,75,100,16,251,110,199,188,78,16,31,82,42,51,167,166,205,102,11,111,40,87,43,49,296,21,389,27,128,340
GENE_143,40,27,122,101,201,150,264,16,40,80,105,67,23,190,71,99,42,32,186,22,37,156,63,117,382,54,4350,170,67,17,108,98,167,66,113,142,121,178,137,287,106,33,125,70,118,114,274,25,10,1
GENE_144,29,2750,36,69,73,72,45,346,188,77,114,172,23,67,105,13,412,86,15,1,132,188,3,71,8,205,49,139,27,31,292,34,14,200,82,24,41,141,514,44,89,87,40,105,2,217,23,1,23,33
GENE_145,0,450,226,9,78,321,137,126,233,20,43,57,73,94,82,61,100,32,46,50,51,47,13250,61,33,145,137,356,393,85,35,12,194,34,207,4,11,53,325,3,33,220,80,8,49,44,38,105,366,42
GENE_146,80,159,59,9,98,13,77,45,17,48,222,69,243,240,66,436,341,15,16,2050,8,103,50,90,20,68,8,196,54,40,5,35,235,4,36,33,41,141,86,2,42,38,40,55,47,316,85,45,7,10
GENE_147,61,2,61,1,149,278,117,17,79,68,108,0,245,180,53,7,3,81,9,32,53,134,61,109,23,2,34,259,117,38,129,63,99,104,5,147,40,8,27,7750,300,42,129,81,98,4,292,19,42,31
GENE_148,3,4,2,196,309,121,37,89,107,171,124,2650,5,26,84,63,136,35,84,293,97,155,32,200,405,23,147,148,28,24,43,356,140,165,46,300,18,103,1,108,28,51,5,9,58,28,84,72,81,49
GENE_149,31,48,68,28,12,93,287,26,62,158,31,15,14,145,61,31,176,81,345,29,179,253,211,33,409,71,17,8300,56,12,37,46,507,78,187,76,16,2,261,112,161,34,456,51,33,58,135,21,8,317
GENE_150,224,240,188,25,3,95,72,65,53,14,0,130,32,64,75,80,8,79,136,17,279,68,34,44,56,239,89,32,162,47,471,19,50,40,8,12,115,6,3,110,196,181,100,46,88,62,8,114,2,51
GENE_151,35,86,146,145,263,193,184,183,26,108,202,74,35,126,199,87,97,81,438,10,160,173,22,84,21,92,69,118,184,49,130,3,3,114,151,71,26,130,80,61,8,93,25,212,59,151,82,80,92,275
GENE_152,9,65,24,30,74,12,45,87,67,28,181,39,10,63,99,81,153,14,67,164,43,244,56,45,85,62,22,18,21,161,59,2,113,489,177,707,96,79,17,7,80,11,107,72,198,210,21,21,8,168
GENE_153,69,14,26,71,108,75,11,99,37,417,12,60,46,19,133,212,89,58,212,124,38,96,147,82,39,7,222,7,49,181,3,52,2,109,46,271,67,8,29,166,133,593,171,54,37,30,33,212,31,125
GENE_154,454,95,165,15,52,129,93,72,170,320,48,20,80,94,92,54,6,172,18,10,10,0,47,950,232,94,49,77,30,130,12,34,85,35,1250,514,273,52,0,19,60,82,164,23,69,87,16,78,59,37
GENE_155,25,174,277,336,8,86,1,264,136,82,6150,248,86,52,84,79,115,36,13,21,100,150,111,28,169,50,95,129,210,182,36,8,86,36,50,104,157,4,3,432,95,210,36,286,201,59,14,14,40,63
GENE_156,108,46,7,153,147,195,65,263,13,135,121,6,71,74,88,0,0,61,113,128,81,178,33,42,37,91,34,9,134,15,71,19,117,667,47,55,15,44,48,24,16,60,326,284,164,18,501,121,132,3
GENE_157,135,133,52,209,125,11,23,78,9,157,235,183,51,198,4,174,189,57,53,36,120,53,137,480,1,141,45,21,88,59,49,35,15,204,271,245,80,8,223,7,43,102,1,55,88,40,34,50,321,57
GENE_158,26,335,39,49,29,129,119,45,256,130,7,74,105,233,773,23,6,206,41,389,28,29,93,185,635,165,7,10,108,37,4,111,9,31,20,204,112,23,91,58,119,2600,55,261,31,1,83,137,136,184
GENE_159,128,38,198,152,49,60,377,67,67,114,49,96,174,68,250,178,11,115,107,88,38,371,108,179,117,188,50,102,237,34,282,86,231,35,357,21,204,20,82,39,96,64,9,105,75,36,3,54,1156,129
GENE_160,46,69,11,14,184,45,70,18,213,322,12,29,41,56,49,28,21,15,33,18,32,83,124,62,53,119,31,10,39,135,85,6,76,166,15,157,105,50,89,377,9,22,56,152,171,15,169,5,52,172
GENE_161,110,29,30,2,7,44,162,95,10,84,60,348,5,83,11,2,91,194,81,189,158,73,10,79,27,241,37,12,3,176,3,17,45,526,337,257,15,12,75,39,417,16600,6,12,21,215,118,117,39,30
GENE_162,102,7350,147,4,217,110,66,63,92,102,1,33,30,81,13,27,364,167,37,50,18,278,204,10,0,123,198,33,5,17,119,244,144,66,27,212,29,74,30,4,253,22,109,2,14,222,31,29,24,28
GENE_163,70,93,1,76,26,216,58,12,79,184,224,91,16,305,186,441,8,137,138,35,96,48,92,24,24,138,148,39,4,7,6,6,267,28,14,116,105,49,201,405,15,81,9,55,91,121,5,264,241,125
GENE_164,7,98,61,61,94,65,236,23,196,119,82,544,67,118,43,45,13,67,38,45,4,202,48,213,2,105,61,72,14,103,7200,25,37,26,13,73,235,202,51,140,212,5,104,11,76,486,37,167,49,117
GENE_165,183,7650,55,69,284,178,243,61,21,155,208,198,16,27,139,6,51,167,85,151,67,118,25,72,110,199,23,7,69,13,124,51,6,159,52,151,180,165,135,641,31,539,24,222,41,79,117,39,136,19
GENE_166,40,58,35,1,132,63,149,213,27,40,5,65,61,87,28,14,172,69,2,19,4,345,157,443,113,17,386,101,393,138,394,20,111,74,75,57,43,181,235,37,84,97,25,165,62,17,3,3,118,130
GENE_167,26,241,37,54,62,11,37,80,53,43,23,472,22,91,29,47,57,144,154,42,22,58,73,4250,156,142,9,52,54,168,48,26,251,93,110,41,164,58,0,17,143,180,36,124,8,204,6,81,11,47
GENE_168,0,83,77,137,115,9,82,122,167,15,21,123,121,100,26,1,44,190,80,4,9,227,18,45,25,15,10,17,141,78,11,8000,376,30,49,22,76,35,69,36,35,76,120,3,13,22,47,95,211,10400
GENE_169,102,18,16,70,41,8,25,32,264,60,44,25,3,88,117,69,78,227,16,169,39,93,231,35,11,8,27,113,151,223,14,11,178,10,20,77,56,37,95,16,86,162,82,63,174,31,24,138,67,43
GENE_170,116,100,85,129,38,48,47,78,492,64,164,54,92,25,172,20,31,65,21,35,51,63,13,261,114,71,314,45,159,2,4,44,34,1,564,67,32,92,69,14,64,82,111,4,65,5950,94,52,26,28
GENE_171,0,165,138,34,580,2050,2600,57,294,604,47,45,26,200,67,96,60,201,26,18,167,38,85,46,91,36,38,7850,48,25,195,92,40,244,38,88,112,70,232,254,136,53,250,289,12,18,12,18,395,19
GENE_172,86,44,135,184,150,114,165,107,1,85,30,42,0,44,46,10,38,13,60,77,32,81,90,15,218,87,60,460,76,150,126,4,10,39,51,28,85,104,270,511,56,57,21,87,327,96,508,82,134,218
GENE_173,24,227,12,101,98,122,240,3,7,141,4,6800,211,56,358,60,173,12,75,128,10,85,686,34,82,105,156,141,35,304,354,5,118,131,62,92,54,121,15,517,86,1,53,15,23,31,58,71,82,212
GENE_174,80,226,11,18,53,5,50,70,19,47,9,93,104,6,15,101,257,93,37,192,75,239,13,107,62,30,276,120,118,308,28,71,16,228,128,98,164,256,30,59,177,52,30,83,36,115,14,525,489,54
GENE_175,22,29,24,26,450,21,1,39,41,162,153,3,8,175,81,4,159,107,108,40,117,118,105,22,90,124,86,35,48,0,162,238,65,96,19,162,44,14100,25,36,119,305,82,9,357,183,8,96,150,34
GENE_176,121,427,56,93,2,43,178,39,180,85,59,204,113,40,54,51,55,28,226,163,36,199,62,14,178,563,52,70,38,81,550,58,55,48,27,74,79,183,66,850,85,119,33,22,26,35,59,14,12,36
GENE_177,47,15,60,169,85,85,12,331,202,119,122,26,102,240,4,36,83,67,1,60,112,152,34,73,2,128,432,5,102,0,11400,59,52,7,608,135,49,5,2250,51,2350,244,81,5,332,36,160,44,488,58
GENE_178,269,21,105,52,140,15,81,17,19,42,109,612,67,13,31,25,17,8,52,10,127,36,232,9,261,26,50,125,30,117,4,0,15,43,177,21,17,389,33,97,17,20,191,205,133,36,56,86,87,2
GENE_179,12,25,2,34,60,10,0,30,114,91,22,315,54,6,3,75,146,94,100,192,32,23,144,50,121,93,181,134,40,144,153,119,32,21,63,16,14,106,85,130,10,52,81,73,58,65,17,170,40,3
GENE_180,41,234,7,212,195,293,40,82,252,102,19,300,240,81,210,92,105,206,93,63,72,20,140,37,201,1,31,37,129,199,42,19,82,85,16,22,117,120,70,88,302,9,176,45,96,153,70,82,167,254
GENE_181,9,124,45,97,5,174,445,183,69,92,137,167,29,9,85,102,240,130,0,4500,13,15,219,48,291,57,172,78,202,74,19,126,140,139,198,193,181,0,62,208,24,123,93,0,83,55,50,167,5,148
GENE_182,247,14,116,67,57,17,11,56,12,257,128,29,47,270,173,13,27,43,23,260,3,59,121,77,22,84,16,111,56,200,119,52,98,120,151,80,71,69,19,251,27,143,198,67,158,140,81,14,89,161
GENE_183,178,50,16,51,26,44,57,118,70,244,51,70,40,1,53,38,118,469,5,78,377,100,67,26,80,356,50,41,61,276,240,1,337,218,86,49,37,97,92,183,114,142,277,77,10,121,50,41,15,57
GENE_184,31,91,91,29,57,47,38,168,46,349,10,32,136,53,86,20,112,104,83,1,31,72,52,53,55,157,4,142,133,65,134,38,97,5,57,146,44,28,9,37,168,10,61,43,172,70,114,67,9,37
GENE_185,5850,11,30,91,5,176,231,37,82,117,0,25,250,274,99,84,34,155,100,217,34,133,126,48,65,6550,21,138,31,70,41,121,29,89,261,18,101,6,107,317,174,26,143,63,322,74,164,4,44,8
GENE_186,147,231,228,45,300,66,182,59,47,344,35,106,180,42,230,72,119,90,18,22,375,35,89,159,1,81,92,32,57,65,39,143,70,17,49,0,76,79,100,239,179,104,66,10,49,49,212,133,49,83
GENE_187,81,160,209,524,22,13,25,41,0,204,2,5,144,10,4,37,256,462,43,77,138,22,67,131,223,89,138,45,8950,58,18,92,205,349,48,29,0,61,26,59,348,156,128,277,16,6000,133,190,79,151
GENE_188,74,76,25,61,278,141,8,197,524,26,20,364,481,39,50,163,266,186,46,17,83,19,98,201,323,442,247,47,220,151,185,133,44,50,226,38,143,3,11,59,5,35,2,37,11,68,45,41,81,20
GENE_189,33,344,25,63,55,45,106,3,70,61,52,250,127,70,154,13,126,62,153,40,112,108,106,112,127,1,12,32,85,10,12,34,144,106,111,27,25,83,136,9,42,53,308,333,45,33,64,321,118,55
GENE_190,9,38,70,67,22550,29,44,33,48,34,6,40,144,27,295,359,2,29,25,119,122,18,353,6,30,40,17,167,64,65,221,338,184,43,305,356,112,9,143,271,249,39,215,68,13,67,125,134,27,246
GENE_191,229,428,15,235,81,54,102,109,313,1,9,63,404,70,413,14,196,114,88,50,120,63,7550,72,173,18,248,100,103,89,80,29,284,29,117,99,49,61,278,12,62,0,242,186,15,115,27,8800,193,193
GENE_192,241,99,5400,174,286,62,4,82,12,12,240,47,0,167,107,135,118,98,153,93,6,25,13,115,124,31,137,56,13,16,83,22,54,122,7,95,85,33,71,68,183,71,32,91,96,71,127,98,186,164
GENE_193,105,102,158,66,0,42,14,80,13,0,84,244,99,203,18,52,40,102,180,171,54,107,72,190,79,67,92,1,3,76,172,30,32,248,20,118,171,365,41,140,1,127,39,216,33,1,114,172,27,4
GENE_194,49,13,108,122,157,22,132,81,141,134,280,107,146,5,18,203,13,37,112,46,37,115,110,11,16,39,70,1600,8,48,105,354,76,10,61,41,21,2,36,216,76,30,53,1,228,518,93,376,63,15
GENE_195,43,204,168,82,235,49,25,13,26,54,46,32,262,18,284,7,10,61,33,74,3,52,20,20,25,368,22,185,10,123,49,4,537,167,204,372,142,82,7,71,270,123,208,12,70,7600,45,173,61,40
GENE_196,150,60,43,74,13,5,190,64,175,45,108,63,188,29,46,44,250,82,167,151,56,9,280,193,98,114,45,117,15,43,50,137,245,48,176,18250,4,17,32,117,29,1300,200,47,17,28,64,71,264,27
GENE_197,230,14,23,18,12,156,8,54,39,144,19,53,192,100,23,42,129,167,138,128,84,12,6,59,16,125,45,5,52,324,24,11,41,23,176,140,273,37,14,108,260,131,40,38,12,148,22,95,235,14
GENE_198,209,3,145,63,60,16,26,244,7,187,84,290,298,53,254,516,30,138,121,90,18,56,99,55,114,149,90,150,26,50,65,161,17,120,69,19,23,16,190,0,0,46,84,292,110,156,18,81,13,33
GENE_199,150,87,41,36,252,5,643,31,70,368,14,23,3350,164,14,423,3,7,10,53,28,326,406,59,27,231,87,26,81,106,14,29,54,10,10,217,169,470,45,242,4,210,49,49,103,81,148,66,326,50
GENE_200,114,76,115,233,76,110,61,223,28,110,1,6,2,133,108,23,40,32,4,47,96,32,140,13,242,153,4,464,662,35,105,125,19,114,17,14,5,2,4450,48,63,76,81,346,125,98,44,142,5,6
GENE_201,5,120,25,39,68,139,119,114,136,63,280,204,2,17,95,86,59,4,102,71,82,15,107,88,235,2,187,190,63,117,16,6,145,47,10,109,49,80,350,21,11,16,13,108,46,25,74,65,86,53
GENE_202,20,226,8,301,21,157,14,4,112,35,84,238,70,97,7,73,13,0,280,42,207,32,587,156,30,23,266,266,139,69,198,35,3,21,199,70,88,84,33,49,19,181,8,174,250,42,39,35,41,73
GENE_203,239,8,481,71,0,71,85,121,239,31,265,200,56,14,43,22,4,21,120,115,154,108,167,195,6,453,150,147,19,49,120,62,22,20,15,5,107,140,28,122,29,154,2,57,13,107,23,4,54,1
GENE_204,88,127,13,82,198,23,140,2,142,30,33,84,64,28,9,13,24,154,174,22,351,232,351,1,89,93,19,131,328,39,220,2,1,159,157,219,123,109,208,173,51,10,42,16,3,4,137,11,106,113
GENE_205,1,23,466,76,6,127,48,566,18,44,43,121,41,20,99,485,123,222,73,342,91,6,105,138,56,7,25,17,22,46,12,18,26,193,159,364,46,25,20,123,48,4,279,3,160,404,149,15,106,9
GENE_206,12,201,350,8,103,91,170,206,150,503,41,79,240,16,70,56,7,59,31,150,111,122,107,13,20,60,136,86,97,56,168,15,4,120,18,260,106,84,158,61,278,19,113,117,100,9,185,11,16,92
GENE_207,110,168,152,54,266,32,83,36,108,0,115,10,37,101,1,13,76,83,110,29,174,53,132,313,73,353,54,114,405,29,213,54,100,124,211,27,49,366,25,109,205,214,157,378,57,47,179,2,358,483
GENE_208,2,64,102,9,26,248,56,30,107,24,99,84,197,81,340,18,22,120,119,4,208,170,18,68,516,488,154,25,169,35,2,15,76,185,235,50,76,188,21,64,149,36,333,8,9,233,43,133,1,2
GENE_209,21,116,89,99,100,10,86,37,180,20,245,1,250,16,42,44,25,298,113,129,116,49,178,151,5,62,6,63,486,309,720,372,22,60,86,306,83,57,1,413,104,61,52,143,8,1,161,5800,40,27
GENE_210,79,38,196,74,550,418,82,48,82,124,1,40,66,450,36,63,49,246,270,145,66,0,357,88,27,215,133,296,53,31,31,198,25,16,56,16,18,66,33,558,800,115,62,2650,22,116,47,48,158,17
GENE_211,127,89,27,133,91,178,18,42,61,49,105,252,60,38,19,49,17,4,52,314,31,113,92,287,83,91,58,64,6,80,23,35,32,40,89,99,185,12,3,23,94,144,50,502,91,54,6,418,168,47
GENE_212,103,169,52,31,11,111,43,32,80,65,37,34,7900,13,19,71,20,25,150,33,207,170,0,335,169,89,3,32,18,2100,47,22,172,400,52,41,235,80,56,70,23,177,24,206,99,134,100,93,158,182
GENE_213,21,66,114,17,123,286,29,111,35,22,20,288,114,11,730,20,31,5,243,7,143,234,7,22,0,48,85,16,310,171,1,290,17,56,92,19,17,39,5,87,63,79,146,23,112,111,23,13,44,287
GENE_214,120,41,73,53,34,132,55,17,14,66,77,32,43,93,28,38,35,82,14,254,188,78,39,60,116,224,113,49,46,138,217,26,13,256,355,229,61,9,6,92,63,50,214,135,178,91,3300,49,117,187
GENE_215,1200,62,61,234,64,25,134,166,81,15,66,39,10,392,48,5,121,120,137,1650,12,16,72,80,13,104,73,98,12,44,38,53,77,124,16,15,50,76,36,64,108,19,176,139,5,200,16,92,155,127
GENE_216,24,175,49,122,90,59,67,177,30,86,13,94,30,94,196,231,3,41,191,120,51,49,53,26,151,35,15,19,82,111,81,132,195,139,18,83,72,5,56,77,187,98,3,145,120,1,54,322,83,95
GENE_217,133,37,4200,49,15,7,299,75,9,9,24,133,12,284,113,16,202,191,35,5,62,133,391,224,109,67,184,96,48,166,97,46,24,27,63,34,5,18,38,78,39,78,28,7,26,11,227,114,117,10
GENE_218,114,11,175,63,151,55,27,206,0,163,38,67,31,56,71,155,167,56,172,154,183,61,309,37,52,65,35,149,8,11,150,207,17,53,31,71,159,14,1,55,4,36,105,185,90,148,89,0,79,20
GENE_219,186,150,20,10,34,162,60,37,95,83,69,205,30,42,230,41,160,650,50,14,228,119,54,10,157,53,257,149,68,84,31,82,76,6600,493,24,187,463,28,36,13,62,34,26,148,100,10,111,11,46
GENE_220,129,154,286,413,108,51,159,1,47,147,34,100,108,81,164,59,34,0,156,134,34,0,171,18,148,32,288,418,103,186,124,75,142,103,119,89,9,7850,265,94,244,122,15,101,131,278,132,106,35,6
GENE_221,87,12,120,117,18,37,82,80,137,53,13,258,292,124,19,29,195,13,9,87,122,7,119,65,134,84,26,56,30,5,16,73,84,218,71,386,219,70,81,64,65,107,77,16,19,65,202,209,117,176
GENE_222,11,24,143,31,105,92,89,70,46,42,1,17,115,48,78,132,27,39,108,325,10,116,28,220,35,4,71,1,13,67,127,13,56,24,269,171,188,1650,192,352,31,67,66,87,46,87,15,17,18,29
GENE_223,44,26,80,88,9,184,4,94,68,11,364,228,273,178,271,201,19,5,129,1,48,31,252,94,104,229,13,186,192,187,281,180,4,153,22,103,73,63,6,53,0,27,122,260,233,103,145,176,43,13
GENE_224,34,46,148,18,49,8,46,221,54,70,280,48,142,5,60,32,6,140,72,28,61,43,29,26,24,56,99,12,100,292,12,76,35,4,25,138,33,104,1,22,76,5350,908,23,193,21,76,222,70,10
GENE_225,33,62,3,17950,25,47,36,346,104,73,53,175,161,62,152,35,296,3,131,7,152,128,198,46,164,160,186,216,15,106,8,5,249,32,322,193,31,0,158,59,18,92,110,209,32,14,80,155,111,308
GENE_226,345,130,192,24,145,18,749,96,36,81,527,107,78,74,367,126,40,150,235,203,238,7,121,370,84,142,110,398,103,45,85,192,20,94,61,69,73,442,40,94,67,54,30,56,96,39,280,43,24,250
GENE_227,52,90,8,101,23,119,46,133,322,138,105,23,34,84,106,22,234,5,131,92,39,168,100,7,167,62,28,224,133,103,3,146,83,384,252,85,66,6250,50,50,68,32,319,38,12,69,0,120,101,291
GENE_228,9950,118,232,28,228,15,219,14,283,145,11,250,189,42,11,116,26,31,334,69,83,22,189,529,32,24,12,361,88,2,21,21,244,415,379,198,98,428,24,33,25,15,93,3,94,56,91,172,89,337
GENE_229,92,53,508,156,227,143,112,14,191,143,13,27,222,57,29,7,239,193,66,17,110,150,68,239,14,90,5,5,18,55,29,31,50,49,48,118,154,61,18,59,14,40,102,80,101,67,11,292,223,165
GENE_230,174,188,22,131,23,48,35,142,283,13,257,28,48,78,97,103,219,306,81,61,43,26,206,136,122,285,112,2,15,116,83,78,58,148,80,9,281,103,183,53,3,234,41,23,31,163,177,38,88,25
GENE_231,74,68,26,90,79,18,77,64,65,86,88,196,0,126,37,66,292,54,29,40,391,23,79,268,6,26,311,20,2,4,26,2,17,99,190,153,179,46,4,307,92,135,67,261,61,16,236,28,36,50
GENE_232,71,372,154,87,5,286,174,59,80,4,195,12,148,142,323,10,64,394,431,46,215,168,428,21,32,32,113,171,27,85,73,165,371,111,31,0,221,1,64,2,17,225,62,26,153,40,11,134,69,47
GENE_233,65,125,31,220,51,3,245,30,146,116,234,26,30,138,43,100,189,102,6,134,32,65,102,305,225,519,145,7,13,80,74,274,17,135,59,198,86,204,48,46,200,192,266,106,35,303,3,10,9,142
GENE_234,25,18,211,6,127,66,16,77,140,53,55,68,1,30,67,60,295,60,42,4,73,22,49,1500,16,205,36,136,177,18,123,52,68,85,14,137,1,49,29,43,100,68,167,90,129,147,290,94,83,236
GENE_235,109,97,8,46,119,5,34,20,230,17,4,159,158,736,143,20,38,174,36,114,23,0,158,96,43,81,94,1,1,83,270,85,19,184,95,181,4,56,148,28,82,75,15,38,43,60,267,187,231,64
GENE_236,36,38,16,21,90,75,35,86,159,192,17,16,85,189,80,35,43,39,49,179,74,365,78,65,304,133,26,141,78,54,60,175,46,109,1,2,25,42,198,80,69,22,35,204,191,103,246,24,70,27
GENE_237,5,114,383,482,33,71,4,15,616,94,11,95,112,29,50,3500,123,30,280,219,128,43,157,88,1,62,219,39,168,75,51,35,225,12,58,347,102,53,18,97,27,110,4,24,2,67,290,47,34,32
GENE_238,109,5,128,54,47,1750,68,7,39,2200,25,121,259,25,3,5,33,127,43,135,9,46,174,26,53,48,14,2650,230,45,35,62,87,447,238,81,53,128,8,3,358,50,78,161,28,50,3500,177,46,21
GENE_239,24,16,196,164,9,16,199,49,162,5,53,194,75,40,88,315,127,51,224,26,179,3,84,155,159,59,118,404,58,166,106,6,0,34,231,144,16,108,46,102,320,17,28,28,24,6,365,72,243,1
GENE_240,302,171,38,126,124,42,1950,20,133,73,17,298,70,56,197,114,10,18,49,98,82,197,197,135,236,55,147,73,88,47,283,118,354,316,156,76,182,152,60,49,24,10,9,6,199,25,226,23,150,32
GENE_241,319,21,103,950,80,118,118,225,112,268,16,135,31,170,121,12,71,10,199,18,430,18,55,310,141,117,132,6,313,156,7650,164,177,32,13,49,437,358,4,252,159,126,135,295,68,29,10,11,177,35
GENE_242,256,171,83,26,130,156,108,300,32,70,51,100,29,127,50,172,12,168,85,11,1,46,9,59,197,37,25,196,98,8,29,12,593,205,88,36,1,48,62,133,16,55,10,84,62,52,193,72,74,155
GENE_243,49,32,103,24,28,75,39,14,133,369,35,50,183,205,11,36,40,113,35,107,192,57,98,98,4,17,71,31,233,41,231,214,140,123,128,6,8,47,272,69,156,0,34,101,26,24,91,2,53,75
GENE_244,0,106,102,65,44,80,17,72,213,16,67,9,68,35,187,103,1400,47,48,172,139,172,143,239,7,134,115,99,134,64,132,64,165,32,11,75,63,75,41,276,38,172,144,21,15,69,18,35,12,37
GENE_245,286,131,88,21,38,30,122,65,28,82,46,126,24,105,319,29,159,230,49,4,17,37,5,225,117,7,251,123,5,41,18,263,122,258,18,18,41,18,244,125,31,93,71,600,87,103,135,100,343,86
GENE_246,46,73,58,1,2,28,183,4,5250,153,95,540,4,30,47,138,26,66,34,14,51,93,132,124,149,5550,65,129,22,80,120,226,54,95,3,102,141,127,8750,158,72,5,164,128,36,4,65,0,25,153
GENE_247,354,38,35,195,39,23,131,0,49,80,228,144,48,11,154,117,185,125,36,84,197,58,106,141,90,29,39,58,277,107,29,159,1650,155,44,104,114,86,61,327,48,38,68,63,295,113,183,199,34,101
GENE_248,350,27,8200,306,149,36,2,438,456,15,9,0,56,125,51,68,156,231,15,24,68,36,19,86,123,23,44,156,180,83,66,176,70,148,205,59,6,22,106,206,9,135,159,35,69,73,192,292,159,6
GENE_249,192,1,23,35,216,29,1100,103,60,81,15,63,112,16,70,24,78,188,38,86,2600,307,76,53,188,51,65,12,49,73,35,35,11,8,57,16,78,213,23,6,101,9,73,36,10,79,289,48,47,27
GENE_250,31,47,121,40,70,69,6,45,26,99,180,96,61,109,167,28,33,72,101,28,233,177,12,186,76,7,357,80,20,194,6,43,112,24,193,58,29,107,10,20,27,139,7,226,0,215,9,7,90,37
GENE_251,43,107,26,0,48,83,90,3000,46,146,66,125,13,116,6,46,29,107,47,11,10,19,41,143,286,59,92,0,16,18,146,40,554,56,13,200,360,3,3,99,59,64,61,216,26,19,95,33,145,45
GENE_252,192,272,93,131,3,313,157,28,112,111,152,121,67,138,78,13,3450,60,121,73,68,75,137,29,130,9,15,41,240,201,170,46,109,296,3,65,56,19,4,14,23,144,78,31,40,62,39,114,72,2
GENE_253,29,212,118,179,212,17,9,48,4,139,22,87,231,16,29,33,1,94,444,204,84,166,9,3,62,69,182,37,17,152,27,88,183,4,184,49,268,238,93,58,185,196,94,164,750,84,160,6,62,146
GENE_254,16,144,31,22,0,96,171,117,3850,89,157,24,14,144,47,93,70,32,41,122,84,87,53,74,54,13,18,386,53,21,27,204,14,26,61,95,1,41,226,67,45,146,229,36,43,100,97,184,6,64
GENE_255,98,146,6,27,264,176,79,213,278,19,235,281,112,730,92,165,298,47,53,175,33,69,89,189,157,13,2,39,242,120,62,76,166,111,58,90,7,415,374,78,224,6,18,182,206,116,62,171,75,242
GENE_256,308,107,5,157,55,83,105,1150,194,49,97,118,92,201,3,39,18,19,11,27,85,8,299,36,89,67,10,259,6,27,206,96,239,111,67,10,59,88,62,160,27,61,102,12,5,9,1,51,57,78
GENE_257,98,27,95,93,35,30,344,184,11,139,15,26,128,133,95,27,61,5,49,214,122,11,128,149,165,96,152,66,119,286,8,7,201,18,44,34,232,18,21,64,13,37,140,154,131,133,78,142,204,465
GENE_258,90,238,196,5,13850,35,9,15,504,310,213,26,19,108,38,160,355,93,136,47,80,32,15,39,137,0,259,78,40,73,158,276,115,301,215,79,85,78,0,181,81,82,238,84,55,24,51,24,57,118
GENE_259,11,111,5,109,1,6,218,25,124,12,127,217,282,45,104,225,234,179,21,205,142,81,366,38,77,39,31,46,14,17,285,89,272,11,78,41,194,16,398,140,60,380,71,10,244,297,45,16350,4950,226
GENE_260,99,69,140,31,87,38,11,5,17,85,148,223,98,139,10,54,202,4,21,49,26,422,71,20,317,5,49,114,108,93,95,156,327,20,377,45,34,182,154,99,101,11,24,90,123,8,407,59,155,385
GENE_261,433,550,38,52,84,136,44,13,3,31,1,43,185,130,109,3,193,23,48,29,147,185,59,285,142,132,82,136,65,123,6,654,169,110,193,48,13,104,73,5100,1400,191,164,20,20,462,131,420,63,61
GENE_262,13,53,67,157,32,6,201,267,24,27,176,4,32,96,116,119,40,59,153,34,57,17,13,25,15,108,65,161,12,104,31,160,87,53,133,31,30,320,42,26,39,455,229,15,305,258,71,61,24,111
GENE_263,80,53,246,160,63,26,232,64,175,66,11,6,147,144,363,162,227,123,107,75,452,134,266,37,99,7,11,129,28,24,20,69,168,2,79,49,119,107,70,157,28,491,6,55,16,221,197,119,188,268
GENE_264,208,185,46,44,92,144,63,5,4,72,33,35,150,59,252,0,266,20,316,8,4,152,76,2400,17,11850,5,40,136,142,31,192,41,251,175,139,221,7,165,162,299,160,26,334,44,3,1400,165,222,91
GENE_265,133,91,55,274,117,154,99,318,25,1,94,98,53,15,35,104,56,6,243,280,42,63,414,39,71,317,55,39,129,265,152,121,59,9,214,56,57,65,91,54,109,50,208,210,392,24,105,157,195,200
GENE_266,130,52,100,51,0,62,118,224,146,158,29,87,46,82,2,83,39,79,22,21,23,38,18,19,145,45,154,46,80,290,6,132,32,1000,15,206,34,87,524,30,143,13,73,179,29,79,203,120,32,120
GENE_267,111,364,7,170,279,118,185,103,82,187,138,106,110,29,96,50,55,180,8,39,80,92,91,39,176,12,7,2,18,147,38,98,25,219,56,287,108,259,9,132,32,78,19,178,4800,110,10,8,40,280
GENE_268,48,9,32,66,27,40,17,276,148,336,82,156,11,59,87,157,43,2,60,17,22,70,9,71,108,9,25,284,209,182,65,41,96,38,199,279,29,74,416,159,103,100,90,68,383,138,39,59,247,158
GENE_269,31,56,2,243,31,14,153,24,7050,16,13,4,126,0,3,77,20,54,78,0,136,27,68,78,173,180,31,9,17,379,180,38,114,195,31,20,86,100,97,93,153,37,56,42,137,2,5,77,11,158
GENE_270,150,7,5000,230,24,40,63,194,2,93,109,10,5,37,13,120,101,115,70,143,238,2500,218,20,50,63,98,17,122,4,24,95,200,17,92,59,8,18,86,118,30,104,384,238,5250,128,521,113,114,12
GENE_271,193,135,61,5,5,78,51,108,223,51,254,53,26,163,100,78,79,18,17,86,20,82,8,161,78,0,6,90,150,61,158,203,104,4,170,72,155,32,42,153,16,8,26,14,106,75,80,51,40,123
GENE_272,207,271,79,262,7,278,62,209,29,45,19,20,114,78,218,20,68,30,7,173,23,87,37,34,221,272,197,5,39,32,80,64,138,25,36,174,180,67,2,34,121,103,39,523,68,37,76,97,154,6
GENE_273,240,31,27,190,460,9,69,161,83,73,93,2,4,1,247,87,9,83,5,5,219,84,110,250,67,76,56,184,60,57,104,89,124,130,46,87,71,131,154,1550,102,239,17,99,350,124,31,59,167,259
GENE_274,64,195,36,154,30,66,297,32,95,146,34,104,312,73,12,144,146,333,180,269,45,190,11,38,47,123,69,190,3,261,205,46,126,107,269,31,4,58,28,113,77,57,5,76,61,28,55,123,48,249
GENE_275,66,42,108,18,12,35,82,159,27,1,66,185,206,34,52,361,19,31,277,29,57,0,3050,201,149,148,37,62,14,412,100,3,42,46,59,85,36,40,36,69,24,140,38,37,116,109,149,5,20,386
GENE_276,159,259,342,155,7,63,289,39,382,320,34,147,5200,52,5,49,15,74,20,241,30,40,39,43,5,168,34,403,38,263,77,107,334,111,84,5,21,32,88,60,36,95,168,22,137,79,279,113,120,1800
GENE_277,114,149,3,185,112,5,10,37,82,172,42,163,168,40,68,8,100,44,23,12,50,126,196,69,312,7,46,41,399,16,129,78,109,85,52,174,65,118,10,330,96,0,22,129,74,73,17,188,2,90
GENE_278,134,167,238,36,204,36,115,11,5,141,3,105,193,260,128,420,49,219,11,124,32,122,4,52,43,87,243,27,161,171,215,391,81,68,204,87,8,2,2,137,104,9,108,37,196,83,31,0,0,90
GENE_279,163,1,77,338,33,175,173,266,289,132,418,136,36,5,169,108,6,10,194,79,109,12450,202,52,89,107,5,447,183,188,17,72,181,269,53,116,217,70,5,30,76,163,80,23,3,40,22,74,210,81
GENE_280,226,340,91,3,2,82,106,33,95,36,99,38,181,5700,48,300,46,74,15600,45,65,85,122,105,116,8,7,35,117,86,42,68,42,160,52,16,9400,1,127,53,117,5,71,14,55,15,50,19,185,41
GENE_281,41,114,71,15,18,49,76,83,121,138,54,509,19,192,11,5,152,183,1250,3,145,117,35,113,21,18,18,2850,26,126,10,30,13,162,1200,100,7,94,15,167,154,308,154,66,109,47,72,62,77,471
GENE_282,38,41,3,82,8,30,103,48,63,38,48,24,44,330,49,40,88,440,33,77,38,111,22,177,196,3050,145,89,125,223,163,11,21,55,29,80,117,2,68,8,33,10700,80,90,4,370,141,138,117,216
GENE_283,8,162,5,81,6,20,187,321,191,220,84,18,101,16,285,16,48,106,40,2,75,24,293,87,86,210,7,28,112,510,175,128,151,128,109,98,118,278,31,34,24,52,12,46,254,165,212,145,340,92
GENE_284,83,41,90,101,67,41,176,34,3,17,46,33,115,74,28,176,22,51,69,71,33,149,75,15,42,201,39,57,96,0,72,144,145,11,25,171,50,66,43,37,23,47,34,2,177,51,94,49,6,112
GENE_285,5,200,43,2,28,170,13,146,33,31,46,383,4,3,47,206,93,68,118,97,258,36,44,442,191,161,59,130,37,25,4,203,15,37,127,7850,19,104,2,49,32,96,81,53,19,91,63,4,31,142
GENE_286,62,9,240,338,70,326,180,174,73,98,45,444,27,73,129,66,203,34,73,124,70,55,3,129,87,511,76,136,31,280,8,49,7,75,2,75,12,186,47,22,296,97,178,28,42,44,81,86,112,87
GENE_287,67,125,49,4,27,69,56,64,6,44,29,167,78,18,144,17,104,93,312,454,23,1,18,44,158,27,0,156,51,41,90,136,78,158,47,236,113,30,14,100,16,9,18,9,108,27,219,34,30,127
GENE_288,36,60,17,16,293,48,32,44,120,55,25,107,42,173,271,18,174,131,10,39,32,232,95,333,450,62,60,68,40,10,453,33,274,50,69,51,20,81,91,51,225,23,15,91,46,102,121,16,23,161
GENE_289,91,7,118,0,269,186,223,156,52,71,80,73,160,14,45,89,2850,155,8150,34,11,312,74,309,15,61,17,29,9,41,190,25,17,58,12,69,109,186,171,86,30,107,74,117,214,18,162,39,51,389
GENE_290,2,41,34,76,84,59,63,230,30,191,200,367,112,75,69,72,124,49,52,37,4,9,150,13,160,111,10,29,152,84,174,553,77,305,130,103,212,76,207,36,46,139,22,84,23,58,138,96,131,185
GENE_291,1,1,81,268,55,91,172,155,0,82,19,5150,24,79,51,123,215,147,40,137,67,87,201,2,159,203,74,230,52,44,45,178,180,48,9,61,4650,60,284,170,16,17,499,86,178,5,252,255,23,11
GENE_292,150,62,114,105,49,28,29,26,116,48,3,304,18,375,280,34,135,250,113,253,42,314,49,4,202,69,136,126,103,146,434,29,79,100,5,39,360,42,11,29,4,135,0,82,64,176,153,31,40,71
GENE_293,36,39,199,180,47,125,1,206,179,26,26,42,103,103,141,55,265,241,268,375,327,99,8,110,44,44,288,10,31,75,187,56,43,7,49,13,4950,2250,72,209,8,200,66,19,61,51,50,141,68,109
GENE_294,10,81,178,2,152,76,70,50,66,47,393,53,57,36,201,0,61,116,128,299,15,172,139,101,196,100,238,150,107,63,23,67,149,59,146,102,44,94,13,18,39,17,25,16,14,2,195,186,19,41
GENE_295,61,34,114,99,59,153,6,83,86,72,8150,198,16,26,14,4500,228,102,132,185,161,16,87,104,102,138,66,31,5,618,130,1,136,47,352,20,195,4,36,44,74,70,124,0,429,313,63,17,57,64
GENE_296,154,38,109,57,218,162,144,174,26,139,73,17,41,12,175,57,117,86,134,486,33,21,400,112,7,22,113,3,11,224,58,339,176,0,161,10,39,47,25,134,14,197,90,375,35,98,197,1,205,309
GENE_297,34,120,295,79,287,25,30,26,88,12,273,297,42,128,55,253,212,27,25,41,26,39,163,30,3,324,122,62,46,183,117,9,284,94,72,21,394,88,1,64,266,46,146,32,26,245,235,322,127,26
GENE_298,99,2,26,6,35,128,65,147,1,24,54,73,13,113,3,98,3,9,154,301,326,376,49,13,54,9,49,238,35,80,368,162,24,52,29,124,56,137,277,28,84,32,86,156,1,27,122,9,75,39
GENE_299,13,242,1,113,84,177,10,98,62,51,373,288,71,85,10,46,101,61,156,150,184,157,43,280,162,6,8,63,2100,113,27,381,53,27,39,13,306,81,134,125,206,159,16,142,77,46,125,20,10,227
GENE_300,2,187,33,79,11,44,33,196,92,61,29,30,148,2,134,28,167,19,85,14,104,203,25,207,41,36,51,432,259,44,167,119,432,225,34,398,25,284,62,22,16,49,4,105,3,52,23,61,3,11
GENE_301,87,100,26,113,25,21,154,17,249,55,25,117,73,132,44,230,17,103,68,2,116,56,61,23,204,132,479,13,9,36,99,333,100,24,27,154,2,56,51,22,16,123,120,65,67,20,28,43,4,204
GENE_302,69,88,111,67,66,0,16,53,71,145,91,65,167,90,10600,3,97,105,129,22,502,135,116,18,80,386,77,45,3500,221,308,3,111,59,3,61,28,101,50,41,183,16,49,108,224,49,69,365,178,40
GENE_303,106,237,98,14,15,52,5050,177,172,47,51,115,14,312,132,25,183,76,183,138,82,140,85,46,4,252,45,0,19,82,14,46,223,272,24,4300,9,2,22,74,83,87,28,21,60,30,0,160,6350,71
GENE_304,131,20,94,104,204,40,247,1,100,73,101,63,59,97,0,264,26,5,40,103,10,98,32,4,378,127,134,200,47,49,127,72,109,8,8,0,149,26,367,85,296,48,31,8,150,11,212,113,131,100
GENE_305,354,8,1,15,18,60,129,12,260,105,31,349,81,39,5500,111,46,9,146,24,9,209,187,18,65,61,127,47,119,179,5,153,113,258,1,223,27,181,35,68,17,595,10,40,24,12,45,4,31,99
GENE_306,57,27,124,182,69,24,158,464,3050,23,110,107,105,49,22,80,89,600,168,133,95,21,14,2350,108,97,97,73,367,61,21,92,850,52,27,25,118,83,5,9,100,103,32,158,4,32,137,32,8,388
GENE_307,34,170,49,97,100,209,13,30,32,141,20,41,120,17,60,27,74,24,19,20,111,9,14,19,1200,337,88,25,129,53,35,137,82,156,44,7,105,306,89,166,243,99,158,83,213,365,144,27,116,0
GENE_308,175,4,115,24,112,31,22,378,241,88,5,225,121,115,90,184,3,455,125,168,143,44,49,143,33,26,91,32,202,2,58,14,108,50,291,144,121,147,136,13,123,13,95,151,19,24,84,38,212,124
GENE_309,36,84,72,334,43,25,231,24,10,50,234,1800,113,136,184,33,6,34,16,169,9,6,123,239,62,56,326,57,16,101,338,174,192,46,499,45,179,59,352,290,152,464,435,224,14,192,135,303,61,197
GENE_310,54,575,41,64,196,65,115,39,11,173,246,42,8,29,61,18,12,35,8,333,313,7,97,249,203,103,68,22,19,79,7,167,52,44,88,90,21,152,93,7,34,4,83,49,311,68,122,51,139,78
GENE_311,10,189,16,4,68,67,94,127,11,23,370,16,112,15,173,25,31,6,101,13,81,46,51,88,350,2,95,107,223,38,12,154,15,285,217,193,4,65,29,194,0,6,72,38,66,25,41,215,129,369
GENE_312,3,99,8,91,55,20,126,106,193,206,118,227,139,10,142,18,28,102,227,189,106,29,123,124,159,48,75,291,92,13,19,195,2700,91,109,152,2,41,32,2150,66,7,18,169,57,189,167,87,197,49
GENE_313,336,7,181,25,12,28,59,85,1,72,125,36,490,265,62,352,126,107,250,42,4,155,9,66,82,76,83,169,174,14,58,20,74,22,65,45,12,7,40,125,451,200,79,21,257,6400,95,115,2,161
GENE_314,163,166,224,154,62,23,1,93,193,99,65,28,115,24,63,74,86,24,152,52,326,57,40,24,72,236,222,36,31,18,8,8,148,91,8,194,49,192,3,45,224,136,93,1,78,95,13,272,288,115
GENE_315,137,88,122,170,186,155,155,173,51,208,9,240,109,49,124,99,145,268,66,76,98,39,127,98,177,465,40,294,39,204,327,225,2,214,3,50,319,43,44,136,7,388,33,7,28,33,160,79,218,7
GENE_316,45,11,15,370,97,167,104,24,0,168,17,171,50,30,2,296,13,8100,188,103,75,29,21,41,16,90,59,148,10,63,82,329,42,26,5,59,44,117,159,61,22,3,8,86,157,162,120,49,224,71
GENE_317,19,7,65,66,193,67,72,55,65,83,29,19,214,61,208,14,64,31,172,545,289,65,17,0,469,294,59,13,224,115,197,51,55,39,8,87,58,19,66,64,40,116,41,224,27,3,45,43,533,19
GENE_318,22,255,154,62,70,115,241,16,19,141,183,157,597,107,154,0,40,72,220,118,267,52,6,79,181,13,50,89,340,54,148,59,94,88,7,9,164,155,190,136,188,64,11,95,2700,32,180,71,89,73
GENE_319,29,112,146,144,8,141,44,90,86,56,20,243,170,200,29,83,165,69,150,265,30,10,38,25,40,132,154,342,232,64,112,152,337,419,22,87,239,176,142,16,156,102,83,2950,190,190,43,160,8,10400
GENE_320,82,188,10,13,2,18,33,22,123,87,264,11,104,16,425,60,119,37,184,28,283,119,166,251,78,45,17,10,57,169,235,70,149,66,85,84,392,62,133,29,25,66,83,76,279,22,85,48,188,108
GENE_321,122,224,0,84,29,358,193,35,73,9,82,187,9,106,17,69,183,155,24,55,140,50,159,260,1,140,56,29,41,154,233,40,29,80,71,183,181,109,49,192,65,101,91,130,101,96,40,5,15,80
GENE_322,100,94,114,81,123,158,181,60,3,5,109,102,119,53,262,10,6,12,32,72,3,34,194,16,80,200,255,39,55,28,16,25,97,13,30,44,69,83,2,148,54,246,81,152,82,67,135,113,129,103
GENE_323,30,62,49,13,136,21,3150,2,113,182,19,118,123,415,35,68,127,47,22,48,23,48,7,3,70,400,19,13,104,98,255,0,1950,123,120,40,20,92,217,474,62,83,109,42,2,51,84,185,53,65
GENE_324,307,59,27,47,33,24,13,11,159,4,29,67,151,38,153,33,91,46,120,355,62,44,490,1,252,279,0,35,55,109,83,75,163,27,57,64,73,219,85,2,52,236,30,47,92,118,65,68,0,57
GENE_325,113,31,2,211,67,12,20,116,115,16,297,113,15,1,47,22,164,59,15,122,86,172,75,234,48,8,37,116,62,51,40,11,14,33,19,102,23,303,11,24,25,161,135,3,26,4,1,17,61,43
GENE_326,81,68,74,220,50,12,116,60,166,164,27,4,117,63,163,25,77,182,23,3050,101,39,211,15,69,120,244,73,63,7,103,182,19,115,136,91,4,44,8,34,81,191,63,81,73,73,120,18,160,112
GENE_327,105,168,188,10,47,148,51,210,23,0,38,147,42,21,13,41,84,27,189,141,27,187,236,56,132,5,10,46,124,53,31,417,15,122,398,17,274,36,94,136,123,99,58,151,125,58,94,219,13,161
GENE_328,49,95,300,11,23,67,187,118,214,45,17,5,137,6,27,43,2,11,108,66,174,2950,70,12,104,193,16,52,163,2250,3500,67,89,43,173,41,66,34,56,39,4,76,117,74,110,131,15,5,1,44
GENE_329,32,244,91,24,13,136,292,1,32,90,5,63,30,114,16,34,108,80,218,2,200,176,6,52,28,14,43,147,216,116,171,12,12,190,52,4,3100,145,28,40,361,8,77,48,10,63,44,70,56,5
GENE_330,37,62,75,202,24,144,174,104,1,95,24,18,111,143,202,400,39,22,10,75,101,288,93,168,18,45,141,431,1450,162,3,82,5,161,43,144,109,116,29,26,24,184,75,46,64,216,196,38,0,80
GENE_331,150,93,6,15,5,107,37,11,187,151,99,171,37,62,31,273,1,8,45,107,245,2,42,63,9,231,144,85,20,55,25,94,36,106,2,221,53,5,46,236,42,31,3,106,25,496,90,27,266,77
GENE_332,3,93,77,127,23,106,136,150,300,77,59,30,0,119,126,95,7,61,21,412,152,3,19,136,23,166,8,136,48,96,319,15,186,16,109,3,62,5,142,85,57,3,170,48,18,205,67,26,170,62
GENE_333,17,84,49,550,2,1,29,496,104,77,92,52,91,67,170,387,300,29,1,4,23,16,17,128,43,154,272,35,51,95,62,114,15,234,22,86,245,108,19,16,3,95,50,86,26,168,275,35,92,58
GENE_334,2,111,4100,99,80,52,22,78,23,157,17,43,11,113,223,508,54,37,29,67,153,19,80,66,132,134,24,199,115,88,45,45,44,65,113,70,186,35,127,91,80,101,60,245,267,133,189,120,3,239
GENE_335,150,35,53,41,40,107,5,126,23,68,7950,138,99,104,8,45,225,34,54,13,314,53,8,121,9,84,30,60,153,78,259,211,47,52,139,52,18,11,17,21,187,124,49,52,122,76,9,84,94,72
GENE_336,191,3150,31,153,329,0,42,27,58,97,130,79,269,102,182,69,291,10,11,22,18,164,165,185,179,15000,50,257,403,89,241,75,204,283,200,55,37,57,149,38,218,121,78,7,223,147,190,11,100,156
GENE_337,115,13,5,29,22,4,260,49,225,221,5,144,354,21,24,316,270,76,90,96,370,368,31,159,35,158,96,158,40,204,5,53,60,337,79,123,130,214,229,117,45,97,3,209,63,76,14,157,73,112
GENE_338,44,56,38,106,47,185,22,171,11,53,44,12,24,1200,113,112,195,4,57,28,7,59,85,127,105,56,77,120,51,256,38,332,77,132,168,68,91,46,59,7250,89,170,58,23,1,329,20,48,277,164
GENE_339,10,75,12,24,41,115,22,22,193,57,12,18,164,59,133,33,215,325,6,134,70,127,10,133,68,142,262,24,71,9,258,60,45,182,140,247,151,5400,124,66,161,131,116,461,5,225,11,23,166,219
GENE_340,67,111,19,131,1,32,363,31,38,0,155,71,53,59,0,102,38,43,130,60,132,96,198,12,800,663,84,155,163,2,15,227,116,27,36,73,123,216,1800,13,23,177,251,197,15,66,71,165,50,22
GENE_341,54,335,430,201,185,121,3,56,163,95,136,316,215,150,28,20,14,114,138,13,158,49,122,319,35,197,182,13,127,77,85,25,3,30,15,5,121,13,249,24,68,55,178,58,146,47,117,103,140,178
GENE_342,16,87,63,18,5,172,138,130,247,9,249,10,145,51,62,40,109,172,168,66,138,147,16,25,34,0,8,83,72,49,36,52,336,4250,25,333,215,110,60,73,52,3,313,109,25,24,156,137,49,136
GENE_343,50,124,87,190,266,44,34,48,52,72,27,6,8,15,52,28,80,42,73,0,69,88,111,50,108,128,210,143,98,54,130,8,60,388,194,19,136,254,80,85,48,97,148,30,15,28,2,34,243,86
GENE_344,73,63,180,83,222,5,3,250,36,152,46,22,44,22,262,25,8,147,347,202,110,145,4,74,140,233,22,221,57,57,16,58,7,141,68,154,32,21,29,184,9,25,110,900,213,27,26,142,85,77
GENE_345,101,93,536,19,77,270,265,13,160,82,22,105,40,15,39,1,98,173,262,2,113,18,145,14,564,33,46,69,139,223,92,254,75,155,109,72,216,449,25,23,59,162,49,73,26,198,87,30,81,42
GENE_346,114,8,78,54,95,45,13,39,75,29,46,56,159,130,297,216,83,34,91,0,74,40,64,92,9,391,41,37,7,116,0,153,80,29,158,136,48,56,25,109,21,131,15,55,89,252,72,128,82,94
GENE_347,8,25,169,18,107,9,70,127,117,180,71,157,38,59,59,31,184,442,62,103,100,123,18,14,286,47,43,184,75,58,30,359,30,53,105,60,244,31,53,0,37,148,29,375,51,43,4,27,56,2200
GENE_348,60,54,35,131,48,73,33,22,115,36,7,5,142,124,322,9,77,0,0,342,191,15,77,259,79,60,256,131,166,57,19,140,16,38,176,4,150,175,13,54,46,29,32,80,238,116,297,113,20,235
GENE_349,103,65,44,149,99,159,4,113,11,128,116,20,93,41,125,5,98,27,122,204,38,157,24,218,56,23,44,15,37,205,36,32,32,34,11,49,6,69,50,50,60,99,66,124,118,15,146,73,38,92
GENE_350,74,9,44,16,5,36,9,18,199,93,82,35,365,233,148,90,51,166,98,30,64,13,108,68,30,12,27,211,175,29,207,26,12,119,226,91,138,117,52,10,248,70,91,12,79,75,31,20,39,34
GENE_351,200,16,105,71,2,23,9,10,22,18,165,116,278,398,14,485,69,29,262,24,0,30,137,63,17,84,37,330,142,0,12300,23,76,11,175,96,77,50,49,213,93,32,85,119,194,36,73,93,13,17
GENE_352,105,29,114,165,49,28,9,15,275,246,40,132,50,110,71,18,306,141,85,112,115,32,130,10,82,89,164,89,84,2950,141,104,216,20,220,385,368,115,54,17,366,170,62,10,141,15100,54,0,150,119
GENE_353,22,374,31,244,73,437,142,284,32,20,230,17,122,211,18,13,17,201,500,176,21,12,200,160,302,53,74,4,1600,305,91,49,244,57,131,91,51,3,31,33,91,91,35,82,151,7,61,121,1,116
GENE_354,11,32,22,68,218,23,78,85,137,435,34300,15100,149,69,23,51,57,330,198,45,75,25,102,43,21,100,62,241,209,148,27,49,321,30,35,29,5,40,53,140,164,20,5,174,364,26,94,270,234,38
GENE_355,99,62,99,289,11,101,32,8550,27,0,252,42,262,268,100,88,106,78,329,67,21,218,58,28,51,47,281,7,2,54,24,223,101,210,7,1,36,106,224,14,197,36,433,68,23,145,45,224,10,23
GENE_356,3,23,8,81,175,257,46,41,41,31,144,138,6,194,137,42,75,19350,34,19,3,1,200,551,17,188,274,113,96,24,44,124,91,23,19,176,57,49,3,11,131,23,268,26,19,51,109,361,4,125
GENE_357,85,99,80,50,21,14,247,91,35,17,175,3600,26,451,3,35,40,67,17,17,61,4,218,105,21,292,146,52,150,72,142,22,37,21,66,218,93,158,9,336,117,47,18,70,80,34,72,51,496,31
GENE_358,251,35,90,206,47,347,249,70,150,2,96,23,31,86,70,60,25,20,172,87,46,86,144,10,169,105,67,475,55,215,28,15,234,20,46,83,19,318,271,43,61,27,81,180,83,23,81,177,851,210
GENE_359,90,25,130,72,37,295,122,286,80,117,26,175,73,163,74,34,33,62,165,10,47,56,293,161,28,187,12,227,5,147,346,165,78,200,112,3100,69,2,37,5,75,40,30,114,213,33,30,20,16,119
GENE_360,48,76,139,81,41,185,203,153,216,122,118,176,31,100,8,243,40,98,20,20,20,25,372,130,20,198,120,159,182,83,159,333,39,17,59,180,69,209,35,15,28,112,19,101,17,460,7,2,9,219
GENE_361,116,1,203,74,19,29,31,142,24,7650,128,51,68,36,62,4,227,62,129,21,314,78,34,56,230,135,168,28,234,120,773,27,329,46,12,27,189,20,53,30,98,300,101,129,54,54,2,12,17,428
GENE_362,61,2,77,214,60,113,46,1,100,31,415,78,113,37,125,26,69,100,76,49,0,23,26,14,46,23,191,117,91,344,55,286,114,102,0,56,45,235,8,337,79,25,140,201,92,28,95,69,82,49
GENE_363,75,28,140,189,160,156,103,87,136,56,79,26,60,218,3,165,16,62,13,3,230,39,49,50,1,22,87,98,165,88,89,54,73,8,14,72,52,299,155,1,189,34,61,16,51,12,355,19,1400,75
GENE_364,279,5,95,50,56,434,101,73,14,108,29,126,118,7,133,179,49,106,73,63,118,117,577,158,123,226,83,18,106,78,34,250,17,9350,16,5,53,87,950,170,254,0,9,209,7,6,48,57,42,2600
GENE_365,49,600,20,46,87,11,61,240,52,56,108,39,5,84,92,15,11,317,294,276,12,9,10,8,61,38,124,144,95,53,86,140,8,131,143,125,90,57,133,156,17,21,53,159,17,95,12,27,151,6
GENE_366,340,40,7,62,203,129,56,24,69,137,380,221,187,42,182,368,249,61,73,0,65,328,120,20,151,21,213,8,17,4800,391,258,36,27,36,23,186,139,32,68,105,42,66,66,14,39,1,18,226,58
GENE_367,259,169,26,85,94,42,406,29,49,102,23,28,270,54,22,5950,66,26,138,104,491,2,191,80,107,21,8,62,57,112,4,93,253,66,15,39,126,250,112,305,309,67,225,55,82,82,74,250,350,49
GENE_368,30,104,53,24,69,23,171,46,39,13,41,100,87,238,205,39,371,144,3,181,6800,152,594,3550,50,69,87,40,113,25,41,20,352,91,128,53,69,28,319,1,253,24,108,267,61,92,449,73,88,17
GENE_369,6,72,75,167,37,57,63,30,133,169,75,24,203,210,10,63,28,25,7250,43,19,117,91,226,13,112,48,183,68,89,29,8,36,262,286,99,83,55,70,66,192,21,146,146,22,45,452,107,28,217
GENE_370,14,38,166,70,203,157,136,11,21,129,15,21,17,80,55,30,181,187,276,11,68,33,57,159,201,108,179,69,95,1,390,102,57,96,13,1,45,53,30,34,7,93,22,482,128,122,7,46,72,33
GENE_371,2,257,21,45,102,72,24,190,112,96,1,87,160,29,20,24,29,5,69,6,49,14,22,254,900,24,12,134,243,296,23,6,158,25,323,32,16,181,53,149,36,52,119,103,155,1,169,22,201,154
GENE_372,8,53,11,16,29,69,11,84,286,20,43,21,10,54,191,37,9,54,44,111,183,173,374,55,347,10,231,67,54,9,166,36,57,72,289,22,50,18,56,24,20,58,68,7,20,56,18,121,3,8
GENE_373,117,6,301,23,31,562,43,198,94,39,9400,145,55,59,107,81,3,8,104,83,224,107,243,141,31,46,8,81,192,331,32,24,74,61,74,0,73,87,13,191,277,239,163,14,139,48,166,61,229,5
GENE_374,10,105,10,297,153,40,47,8850,95,50,5,27,25,37,2,172,87,8,263,22,4,35,181,2,188,72,8,25,1,322,186,56,204,79,32,122,60,50,154,50,139,70,25,166,5,10,205,179,28,554
GENE_375,1650,12,78,34,1,99,5,21,7,33,55,127,85,7,1,51,31,118,18,156,46,2,266,30,154,89,39,20,201,79,58,79,14,73,14,25,118,206,36,6,84,46,69,104,177,3,1,9,42,8
GENE_376,183,40,73,12,515,50,8750,60,194,19,159,86,42,91,30,47,64,35,56,132,33,279,5,95,55,27,25250,137,15,39,34,277,522,38,158,16,277,50,115,3,385,25,19,28,337,87,22,1650,51,151
GENE_377,2,73,77,54,13,46,46,8,39,170,300,444,5450,37,11,59,137,209,20,30,570,51,95,146,41,18,84,12,46,22,126,270,57,170,91,154,53,398,40,105,1350,55,34,0,16,31,1,12,246,84
GENE_378,180,232,13,31,154,127,92,240,94,109,468,911,45,125,110,118,37,69,59,146,71,16,33,95,118,185,1,16,78,13,190,415,29,37,102,4,12,0,46,282,107,189,168,39,161,267,66,112,17,57
GENE_379,39,70,7,6,57,296,9,53,344,87,50,201,189,29,118,132,43,36,79,34,210,240,161,61,79,189,23,299,97,38,60,148,11750,68,177,243,3,21,226,347,106,332,112,19,9,111,5,42,29,4
GENE_380,14,97,10,2050,73,80,18,71,94,26,288,150,91,45,276,34,186,133,285,132,62,38,11,16,3850,30,13,35,329,65,116,249,8,32,67,129,1,62,53,196,37,53,134,218,320,8,102,66,122,37
GENE_381,123,489,88,78,206,162,202,29,139,224,7,42,35,250,301,77,70,80,45,17,128,74,32,19,62,69,1,50,35,137,20,188,104,51,41,25,275,34,38,52,59,22,5,11450,70,92,77,38,279,231
GENE_382,102,15,81,71,49,6,82,63,64,22,122,131,37,497,124,43,176,163,94,112,34,110,179,194,88,63,71,97,10,55,252,228,5,106,162,38,531,136,37,254,24,258,111,218,79,173,44,184,3,250
GENE_383,220,40,32,45,73,26,333,36,8,172,123,322,193,70,2,124,40,106,201,20,263,185,128,24,22,14,41,50,52,163,9,9,281,145,37,282,3,188,236,103,108,15,3500,15,122,291,60,80,81,88
GENE_384,122,44,93,76,5,65,690,57,149,352,21,2,41,2,38,23,55,22,42,73,64,12,466,66,7,272,84,87,60,101,21,283,100,161,33,103,50,120,63,10,54,38,76,13,20,33,442,123,261,90
GENE_385,167,65,162,15650,0,1,44,173,3,120,79,60,75,75,81,33,21,126,108,20,164,247,93,202,32,2,28,13,89,3,21,23,43,160,41,92,112,330,202,16,3,28,60,15,36,62,17,133,215,58
GENE_386,28,58,6,2000,31,39,33,161,123,453,13,18,100,214,70,67,252,57,155,112,27,279,46,21,60,22,198,118,228,18,15,76,53,55,190,90,21,52,32,37,309,73,196,34,9,107,138,142,306,136
GENE_387,1050,237,71,28,128,80,190,35,4,104,209,86,32,122,80,214,228,54,41,7,116,17,72,12,218,50,46,15,4800,82,59,79,15,6,171,3100,81,385,362,22,79,49,27,9,84,228,116,309,228,224
GENE_388,146,103,119,33,12,0,643,57,208,22,40,60,26,129,356,73,398,228,13,12,58,65,284,120,53,191,62,139,88,21,58,81,42,87,40,1150,170,8,61,39,113,29,165,389,170,96,102,104,29,120
GENE_389,162,113,27,53,15,29,116,10400,14,19,100,88,66,11,216,340,52,46,74,23,4,209,115,38,45,137,142,74,30,96,77,110,253,6,18,17,186,182,18,123,28,149,284,176,182,48,47,109,27,70
GENE_390,437,35,36,143,58,73,146,5,75,40,15,80,28,101,11,11,154,106,1900,5,50,74,197,59,98,91,16,160,29,55,7,83,185,347,3100,115,115,3,60,13,12,125,26,7,77,10,27,167,228,102
GENE_391,58,161,108,25,98,80,167,223,76,0,25,300,35,140,26,81,53,35,34,130,78,72,4,94,21,133,35,15,73,91,33,115,110,59,4200,198,13,71,121,108,248,518,775,15,146,17,131,1,141,35
GENE_392,42,309,216,115,136,259,43,34,61,105,520,62,5,96,187,40,60,10,353,379,16,82,46,60,202,37,9,58,219,31,163,69,353,67,112,29,45,58,195,44,80,41,495,29,17,76,223,6,46,444
GENE_393,138,152,164,4,20,118,84,112,30,28,160,177,28,220,167,94,172,56,76,160,22,140,290,156,63,268,151,190,74,178,8750,1,80,20,21,69,387,177,19,229,67,184,113,139,155,24,399,32,138,252
GENE_394,36,0,88,70,17,45,156,78,71,169,319,36,2000,30,21,7550,16,88,198,186,57,120,2,375,268,5,7,180,67,61,33,94,21,544,26,483,22,113,79,4,83,31,39,130,1,62,64,16,40,325
GENE_395,236,94,123,121,295,274,107,80,33,54,31,67,307,26,132,176,31,54,18,0,31,96,65,281,30,8,79,366,68,183,67,83,105,66,264,40,74,61,95,339,32,1,42,107,26,38,53,17,4950,10
GENE_396,169,3,31,38,26,150,3,212,57,71,12,64,97,194,123,107,39,63,283,4,2900,43,2100,96,61,242,119,25,165,0,23,89,97,37,53,46,48,11200,39,12,231,11,28,229,108,101,46,84,22,89
GENE_397,50,26,99,86,194,18,47,8,42,17150,79,31,158,99,3050,86,152,178,136,3400,56,101,99,44,147,287,64,81,105,43,168,0,67,32,2400,48,25,206,50,55,17,70,10,4,34,37,176,23,74,95
GENE_398,155,4,58,25,192,17,15,42,79,31,74,39,5,0,28,14500,46,1,187,373,19,14,17,54,99,77,71,1,272,20,337,65,15,109,132,5,39,5,40,193,26,191,129,18,55,64,27,339,267,50
GENE_399,142,88,900,119,152,134,24,89,27,126,28,100,12,50,196,39,51,32,51,111,25,63,5600,44,102,83,5,336,86,58,33,211,108,57,47,72,16,184,31,47,267,6,83,14,196,68,67,16,139,210
GENE_400,9,103,118,4,19,81,237,165,422,155,129,96,188,190,111,189,671,168,71,50,160,26,24000,58,25,223,141,800,22,314,152,45,63,44,28,22,231,65,75,197,1550,192,87,12,4450,77,39,17,89,143
GENE_401,235,12,74,205,169,163,4,28,73,25,56,119,98,4,26,243,53,254,73,13,15,74,28,4,43,194,96,233,2,18,39,66,97,3,61,18,23,178,10,300,212,132,25,111,45,57,173,79,24,126
GENE_402,69,50,49,30,143,150,27,161,16,72,23,49,20,1,130,64,32,67,160,8,121,21,70,5,56,205,101,111,36,8,0,13,41,4,18,105,96,17,65,8,166,0,26,23,57,127,26,19,5,4
GENE_403,177,51,217,230,92,92,45,2700,77,56,35,39,54,40,137,128,102,219,199,52,64,86,2,142,22,56,164,272,6,2,97,65,17,113,23,152,274,21,35,3150,47,9,482,56,215,45,101,119,115,476
GENE_404,32,46,0,44,41,374,94,17,195,153,86,5350,88,242,218,50,180,26,8,144,335,142,61,38,11,186,84,28,43,13,71,47,36,71,51,200,307,117,59,31,32,7,105,114,68,154,82,216,80,140
GENE_405,211,14,40,126,30,88,81,135,4,94,134,22,179,207,1650,17,7,26,235,2,9,52,57,168,205,11,68,38,10,4,7400,206,171,8650,70,263,82,28,345,141,146,121,176,109,188,442,39,67,23,365
GENE_406,38,54,4,32,14,14,20,12,117,76,77,31,4,93,416,92,98,204,262,173,172,19,68,66,152,57,125,12,51,100,153,4,20,140,134,209,29,89,158,14,99,58,42,38,30,141,33,44,268,8
GENE_407,1,138,135,10500,69,192,22,72,96,161,72,1,96,88,18,20,3,230,72,261,74,21,38,171,241,27,232,63,37,11,281,285,57,96,51,10,29,107,215,157,14,35,192,39,77,136,188,107,77,107
GENE_408,243,9,147,12,92,36,27,5,15,27,16,7,131,28,98,56,71,25,16,212,0,248,37,111,105,4,115,313,32,29,53,79,2450,88,80,20,112,90,50,105,225,8,123,46,31,201,68,155,93,130
GENE_409,12,14,34,18,42,172,56,44,162,134,274,31,393,28,115,200,27,11,164,254,36,143,105,25,54,95,172,88,112,95,75,71,317,145,300,8,405,102,117,102,134,60,50,184,106,13,107,40,22,9
GENE_410,45,43,116,79,56,302,37,85,47,210,265,3,162,165,48,12,44,5,88,1,48,2,218,55,11,4,66,64,70,54,57,229,8,141,194,40,10,94,64,66,223,114,148,41,86,94,294,154,233,9
GENE_411,310,262,41,5,2050,120,296,69,39,220,95,39,33,10,60,4,75,31,179,373,59,278,31,141,178,10,96,43,236,6,38,20,24,42,32,13,168,52,83,67,46,11,260,5,102,103,63,150,234,141
GENE_412,291,134,131,23,115,93,51,56,188,152,3,110,149,57,205,87,237,140,157,64,41,11,117,46,65,7,12,89,8,345,108,20,67,8,850,86,13,8,61,7,18,188,15,85,68,243,157,57,121,171
GENE_413,81,116,58,288,204,65,4,63,111,48,80,13,153,106,112,34,120,62,9,205,239,113,78,21,79,388,59,134,49,101,185,218,32,164,115,128,30,176,18,32,248,3,63,26,52,180,83,53,12,246
GENE_414,120,45,47,397,700,49,145,26,237,413,93,67,134,11,77,52,284,51,80,15,49,57,7,85,27,1,10,57,151,110,27,256,131,30,93,15,100,176,294,253,100,90,328,46,247,53,97,6,10,146
GENE_415,55,82,268,35,55,44,41,59,104,55,498,222,174,76,16,46,101,90,58,69,54,5,78,31,68,27,61,29,3350,178,405,172,40,157,80,93,35,0,106,48,91,22,184,41,28,40,6,8,63,30
GENE_416,34,1,41,256,14,127,107,303,149,91,530,157,236,75,0,7,0,201,293,5,132,47,127,90,150,100,9,84,307,235,111,4,162,97,10,50,112,173,95,48,93,14,83,10,67,29,236,128,21,363
GENE_417,40,89,10,78,103,145,40,201,165,20,186,28,8,127,15,0,18,7,29,8,168,175,98,34,138,141,73,53,15,9,152,115,80,35,52,50,51,16,78,5,69,53,8,287,29,1800,35,106,37,34
GENE_418,124,228,83,34,138,110,81,14,7,374,4,271,12,25,330,200,218,108,20,301,5,48,15,229,478,95,35,474,29,7,654,65,64,188,153,35,35,47,140,216,33,119,55,93,40,32,61,65,11,141
GENE_419,162,86,349,119,285,25,122,2,149,113,337,34,145,37,130,28,97,261,216,163,118,57,191,52,71,374,178,47,7,145,78,179,43,116,149,681,79,49,77,128,109,18,112,21,22,141,141,5,42,75
GENE_420,170,222,44,122,24,81,284,287,88,151,100,7,39,85,348,59,400,21,17,82,65,108,7,218,81,46,39,62,18,107,8,13,25,79,17,282,3,131,21,9,126,62,56,69,117,9,82,5,305,13
GENE_421,173,131,3,487,303,155,29,77,8,2,8300,508,8,406,2,369,16,175,122,61,15,6,29,36,5,63,247,177,130,17,135,250,30,42,59,16,138,950,1,16,248,60,540,55,116,129,0,257,123,229
GENE_422,11,11,40,27,8,55,39,87,72,151,53,185,44,19,103,189,41,146,43,128,27,170,84,84,61,189,74,36,78,40,210,44,19,448,74,245,75,176,44,16,7,60,133,48,35,31,277,109,15,85
GENE_423,68,227,75,112,74,87,61,161,13,143,37,68,157,416,5,9,47,1,83,48,9,3,20,17,269,120,207,6,25,108,18,36,201,205,68,55,297,297,93,101,28,311,17,65,373,92,2,44,117,18
GENE_424,5,8,15,3,5,139,268,37,134,95,52,114,17,119,146,67,48,26,104,175,47,24,7,123,58,1100,34,192,73,155,1,21,71,21,58,81,9,271,46,25,139,40,69,99,44,88,13,107,3,52
GENE_425,63,70,101,14,10000,106,230,66,66,31,10,110,136,165,39,151,33,78,54,57,26,127,67,18,129,70,71,4350,203,106,16,0,60,185,3150,98,113,19,89,569,159,493,41,30,160,78,25,21,432,149
GENE_426,59,20,626,1,76,55,8,17550,289,76,54,17,0,8,15,132,66,73,365,102,48,226,131,189,359,363,113,37,55,142,33,51,44,7,158,126,35,247,100,68,850,73,88,92,24,45,88,44,66,102
GENE_427,216,2,64,755,108,252,16,105,22,18,177,23,11,29,90,137,94,74,14,358,5150,152,56,45,10,185,43,29,0,20,272,11,65,34,45,48,53,75,151,198,18,183,47,178,53,19,346,66,84,33
GENE_428,43,2700,55,170,174,19,75,11,92,78,2,66,38,4,36,3050,41,25,41,3400,129,29,102,10,40,24,93,54,5,47,0,149,226,370,3700,5,44,113,31,130,47,51,29,35,129,155,248,150,20,68
GENE_429,7,26,57,142,16,582,9,17,26,30,16,259,14,46,95,20,500,119,49,63,76,421,190,33,63,21,28,110,42,12,147,125,175,207,85,51,40,271,97,4,6,9,126,90,78,29,111,498,60,43
GENE_430,12,81,10,77,4,11,31,25,110,49,14,1,189,406,114,56,114,25,104,202,122,53,319,136,37,181,72,53,93,403,208,176,89,86,313,85,61,101,204,60,145,7,7,346,3600,10,135,45,65,90
GENE_431,149,80,208,37,189,0,21,129,128,18,45,171,197,19,121,107,61,38,55,272,235,60,26,13,0,15,2,52,198,185,152,0,87,121,126,73,2,62,16,52,100,82,78,157,149,15,141,406,105,49
GENE_432,77,5,64,17,41,216,95,29,148,1200,608,7,160,86,520,77,80,48,10,470,215,192,79,102,61,58,8,142,389,139,7,37,31,11,17,126,173,66,125,313,190,273,36,104,132,4,111,109,5,65
GENE_433,10,13,52,29,16,22,324,4,170,11,24,55,22,100,53,14,62,115,315,87,204,9,30,78,73,18,27,14,378,28,123,0,106,47,76,6,201,112,247,32,57,5,328,6700,244,99,179,244,49,171
GENE_434,7,89,85,42,68,116,549,320,180,264,20,95,80,123,52,9,246,11,48,37,15,80,192,50,91,1,167,107,70,109,300,77,218,30,102,414,1,261,105,113,90,120,38,75,18,149,34,3,44,25
GENE_435,104,49,58,142,107,161,41,14,13,70,239,124,1000,20,177,357,72,21,44,15,33,337,221,131,172,207,96,67,5,222,16,264,31,2,1,445,150,201,7,93,331,73,42,456,2,30,28,329,19,1
GENE_436,9,125,94,75,2,223,98,1,41,53,227,9,32,21,89,24,252,18,75,3,71,15,28,2,31,148,219,37,27,177,2,41,53,106,9,8,5,102,40,138,315,99,113,19,876,145,49,54,25,17
GENE_437,191,109,7,8,28,24600,183,35,116,86,2,56,71,50,1,24,80,18,28,125,48,66,108,71,7,53,245,245,53,151,191,198,10,51,0,51,184,27,20,5,6,19,5,153,36,198,250,13,27,199
GENE_438,112,187,179,2,3,41,15,18,71,111,143,101,124,130,182,149,38,19,10,25,14,12,220,58,9,13,48,136,214,54,101,308,173,106,7,81,103,37,240,286,0,8,36,1,8,89,327,119,155,50
GENE_439,7,94,296,18,61,106,87,68,32,254,133,6,7,7,8,45,54,91,11,82,35,216,73,500,55,186,49,30,5,143,90,23,12,4,15,42,35,47,467,533,341,15,113,15,26,180,147,138,110,120
GENE_440,5,57,109,63,223,10,58,252,86,25,138,20,32,31,14,21,69,120,900,270,392,88,112,11,271,55,194,108,73,79,324,1,134,0,290,55,94,37,46,75,82,37,2,112,104,62,23,86,271,4
GENE_441,431,124,313,268,417,53,23,225,43,30,68,107,276,2,8,3650,73,5200,22,292,30,29,138,53,381,98,42,155,101,46,128,142,18,13,25,38,70,154,231,18,125,18,31,156,95,184,40,73,33,19
GENE_442,48,27,16,113,111,211,64,46,42,348,474,99,59,346,6,92,121,66,58,1,42,37,231,71,11,28,191,455,20,320,52,72,121,119,22,127,109,180,15,212,262,14,2,5,22,69,512,148,228,103
GENE_443,54,41,51,157,15,30,4,44,186,43,4,13,270,87,3,57,32,4,87,41,1,64,82,2,16,41,70,97,41,15,54,49,95,74,188,45,71,45,1,97,55,38,13,35,25,150,150,121,210,116
GENE_444,167,159,86,65,218,90,136,79,57,8,21,70,479,121,4,259,108,332,98,171,99,111,313,1,44,93,56,114,55,185,20,48,109,22,129,66,171,170,89,100,73,59,101,16,53,21,49,91,64,176
GENE_445,285,51,75,55,68,64,19,22,6,24,53,244,79,105,61,25,156,18,0,74,54,78,95,27,52,154,34,84,34,45,34,8,105,82,120,91,3,113,419,236,18,329,64,209,2,38,20,39,70,90
GENE_446,425,172,58,13,19,99,35,5,5,1,55,0,42,16,28,113,98,111,267,150,750,19,21,76,171,187,16,5,53,68,60,225,46,98,54,340,46,64,82,136,226,241,12,56,0,61,5,254,87,130
GENE_447,136,183,32,213,265,367,11,249,187,462,244,103,157,93,9,14,54,250,175,174,332,111,107,4,146,66,95,75,23,44,37,24,70,297,2,118,85,127,420,230,91,40,12,76,110,57,88,105,42,13
GENE_448,43,207,19,131,134,7,249,21,324,49,70,5,11,13,92,47,456,124,315,52,133,10,35,138,258,30,45,168,19,3100,217,6,24,149,161,14,93,139,68,301,23,8,4,190,49,356,127,241,34,116
GENE_449,11,257,49,17,129,81,86,24,106,276,7,1,33,38,30,147,61,26,47,48,122,159,55,20,174,13,25,58,4,164,1,149,30,21,204,37,17,90,51,48,96,572,14,114,3,71,9,83,16,57
GENE_450,151,70,22,58,131,191,74,53,39,550,51,14,160,72,4,35,11,44,109,58,313,45,151,135,58,57,1050,101,60,33,98,60,6,33,77,52,11,62,14650,20,53,68,8,249,64,43,0,136,186,219
GENE_451,88,26,112,68,28,74,86,64,279,112,52,58,55,73,58,105,168,3,21,106,65,94,347,15,1,177,43,257,121,135,160,136,102,48,99,130,6,13,3,55,14,376,5,279,275,56,30,212,108,92
GENE_452,59,97,13,93,25,11,58,5,111,4,303,140,21,14,29,20,18,107,159,49,106,48,211,41,25,30,65,18,75,54,131,232,174,11,46,50,59,0,31,354,24,83,7,41,31,228,86,73,44,75
GENE_453,211,52,7,288,113,74,27,15,166,6,95,38,110,3,42,8,114,101,16,161,22,133,46,62,96,4,175,39,78,239,92,54,28,90,35,106,30,249,60,31,78,203,116,117,32,49,236,111,66,91
GENE_454,5,87,87,88,25,1950,134,46,148,71,129,112,114,150,57,91,24,135,32,217,102,218,56,47,56,66,148,15,65,63,63,8,31,216,85,167,76,32,9,92,82,68,291,89,62,149,199,88,14,155
GENE_455,74,143,94,60,59,17,14,115,49,52,128,69,14,133,101,118,0,0,89,43,0,110,419,2,31,5,194,72,80,3,274,1500,158,38,118,11,54,111,73,15,161,99,182,96,17,1100,128,129,9,0
GENE_456,0,120,196,250,169,187,18,23,71,90,158,28,26,9,92,13,16,171,93,327,12,118,237,246,9,227,64,190,33,256,44,5,97,415,16,150,45,304,47,173,24,109,32,90,100,59,162,63,133,192
GENE_457,60,43,92,7,179,66,125,70,22,54,103,76,28,13,266,262,51,136,93,102,56,7200,354,33,23,106,74,52,19,229,125,15,215,26,74,150,185,168,51,82,241,27,23,6,152,84,41,188,244,6
GENE_458,3,27,30,20,55,277,11,92,41,284,26,164,51,235,64,18,15,8,8,235,2,52,50,20,37,24,223,11,326,13,257,192,0,69,148,183,92,17,135,68,75,149,1,220,21,91,31,184,33,89
GENE_459,14,62,168,4,172,173,30,231,155,87,203,179,137,138,74,11,20,45,49,12,53,38,138,19,179,59,21,32,53,360,16,282,51,47,59,318,120,152,8,106,28,8,16,16,110,91,14,5,46,66
GENE_460,10,18,66,117,193,115,60,33,239,125,114,189,135,538,15,20,150,125,265,19,89,183,186,390,145,124,15,218,183,78,290,118,263,43,25,28,48,127,332,14,52,37,102,51,206,152,20,23,47,47
GENE_461,98,214,8,117,98,2,58,12,123,222,121,37,112,26,132,19,146,60,215,38,104,107,3,13,85,273,600,69,248,236,155,157,97,41,180,46,159,46,86,196,270,212,634,34,266,68,355,20,69,16
GENE_462,141,41,81,13,20,52,6200,66,74,15,570,161,0,60,16,11,188,13,92,35,5,31,30,48,2,213,242,240,102,45,87,135,52,2,125,26,14,112,166,28,55,79,189,78,71,25,262,45,48,9
GENE_463,79,15,267,180,28,23,102,130,10,31,166,19,15,21,65,170,199,10,74,16,18,45,227,4,188,7,45,184,42,3,39,11,58,71,81,36,2400,185,37,16,185,8,55,338,11,83,3,59,41,147
GENE_464,333,2,46,10,42,233,101,10,7,14,184,152,27,106,66,81,42,138,13,9450,86,65,41,104,82,6,67,48,126,163,234,0,256,147,110,41,5,45,44,4,20,30,57,2650,114,35,54,126,93,10
GENE_465,50,122,33,39,13,15,123,64,57,19,295,278,28,13,100,60,181,18,19,58,96,19,42,94,121,91,151,104,53,206,6,128,176,212,34,205,19,172,233,250,213,9,14,89,124,35,49,33,29,122
GENE_466,39,85,14,25,37,33,28,2,72,66,19,2,15,16,251,309,74,15,29,312,1,219,21,86,5,80,52,119,322,15,55,2,0,33,67,7,7,9,11,121,49,48,2600,10,148,8,119,111,290,475
GENE_467,206,43,18,40,26,83,50,3,4850,29,86,56,52,6,277,51,60,183,59,65,77,158,55,195,165,30,214,155,182,87,140,184,8,82,46,19,57,72,18,94,263,27,104,53,12750,243,51,213,45,107
GENE_468,30,12,51,24,63,28,52,64,0,55,95,117,6,107,16,16,143,93,129,13,162,32,29,77,157,395,35,37,167,213,160,101,73,230,181,93,139,35,121,23,209,119,4200,232,97,6,40,58,31,5
GENE_469,306,56,78,62,251,29,43,34,440,430,40,124,146,73,26,39,28,94,60,96,6,4,0,310,227,145,131,37,86,71,16,16,8,145,85,148,49,147,75,118,99,103,82,263,76,5,176,102,332,76
GENE_470,1,35,7,55,9,111,439,174,45,25,197,28,158,105,155,39,152,66,11,509,60,9,20,104,70,120,128,124,0,162,7,124,28,62,139,94,3,24,141,58,108,13,192,4450,70,143,269,176,24,200
GENE_471,343,107,298,404,134,9,163,93,199,90,138,378,96,197,71,67,2600,75,72,79,29,30,212,42,49,24,11,171,169,131,154,87,187,11,86,7,129,36,61,307,34,62,49,142,35,138,25,141,68,318
GENE_472,4,86,138,5,114,11,19,65,77,9,126,91,6,143,52,42,8,89,12,0,247,11,10,7,10,46,11,59,2,128,53,38,53,72,53,58,24,13,23,125,77,38,51,0,9,51,1250,13,36,144
GENE_473,207,38,101,16,9,53,2,47,11,35,575,30,224,64,121,69,17,296,131,278,22,192,47,113,800,94,6,33,13,250,19,166,53,464,195,19,114,171,123,58,81,40,36,80,125,142,54,23,8,29
GENE_474,79,23,178,7,247,109,9,75,164,88,37,5,331,373,114,100,21,32,22,18,38,51,58,2500,19,172,107,197,197,70,9,39,21,144,75,432,0,13,5,29,59,98,16,131,2,67,105,8,301,30
GENE_475,518,414,8,98,89,75,22,8,131,286,134,146,26,55,370,146,242,29,76,121,230,37,140,97,5,287,0,119,29,147,106,51,94,187,21,682,39,139,47,53,67,204,0,32,7,136,18,31,51,160
GENE_476,13,61,52,9,53,57,14,230,59,55,80,8,113,9,104,139,447,6,125,76,38,23,25,234,17,96,93,46,175,137,76,125,7,13,25,5,97,119,65,23,271,229,41,259,41,95,66,0,122,132
GENE_477,71,116,102,199,150,75,74,582,67,5,27,23,9600,490,60,20,45,104,26,30,72,198,32,1,241,53,7800,59,23,59,187,116,94,239,176,103,211,18,6,125,0,66,113,149,274,140,182,80,202,62
GENE_478,361,16,163,69,32,36,189,16,7,44,16,90,88,3,4950,13,34,85,6,32,0,156,1,141,65,108,23,338,156,53,1,27,148,0,264,161,147,74,24,94,51,58,81,151,67,132,12,2,64,20
GENE_479,66,57,127,79,103,294,109,16,131,18,244,105,40,91,161,83,29,12,71,12800,414,42,202,65,148,7,134,148,72,203,222,1,227,175,62,45,64,62,24,26,47,66,81,3,27,35,4,50,155,104
GENE_480,111,7,39,4700,2,9,24,9,274,22,87,114,72,39,89,19,160,48,3,239,164,15,122,17,31,80,23,27,111,28,222,20,82,1850,47,132,129,87,210,3,337,49,120,15,257,38,254,70,154,87
GENE_481,120,74,12200,17,195,99,47,99,11,91,189,66,90,63,105,10,32,16,91,62,81,301,36,97,16,240,332,39,195,1900,52,22,48,89,101,24,73,257,72,383,396,7,28,118,88,60,163,111,46,2
GENE_482,61,327,17,21,51,229,3900,110,24,12,75,146,56,82,376,70,277,33,140,28,9,39,225,85,57,96,25,26,391,381,4,244,174,40,66,15,181,7,101,3,91,80,123,84,31,27,114,31,90,92
GENE_483,101,55,202,37,107,177,171,175,203,70,33,351,241,27,106,26,97,313,41,12,6,147,17,185,170,50,76,187,11,31,293,203,111,14,184,279,150,168,4,86,91,72,122,95,139,363,13,207,19,20
GENE_484,100,4,341,88,31,19,204,138,35,93,39,29,134,80,49,132,218,122,67,21,89,71,42,69,30,107,371,122,129,215,6,101,1300,27,167,114,374,198,13,168,232,65,36,0,56,227,209,64,7,172
GENE_485,244,1,23,25,102,34,224,69,94,43,47,127,18,154,114,36,90,1,260,65,27,160,77,184,26,129,200,273,306,44,92,124,34,51,60,169,13,11,87,107,1,64,17,58,139,154,30,115,432,101
GENE_486,1,54,131,7,148,105,72,101,67,2,361,247,98,34,98,368,108,40,73,1450,91,63,72,95,1,84,108,5,51,79,51,103,34,245,141,74,46,98,167,86,81,272,100,171,26,25,16,37,7,6
GENE_487,28,19,3,342,72,12,116,123,83,420,1,114,108,47,1,119,94,3,571,9,109,257,108,74,93,157,49,11,36,67,177,161,6,50,20,16,24,131,8,112,2,84,285,109,15,55,67,37,56,77
GENE_488,295,1,42,1,98,167,12,81,64,52,418,114,13,28,51,4,195,121,20,66,9850,152,38,43,53,19,127,134,138,27,63,37,8,5,40,38,111,80,417,1850,331,170,550,96,69,271,264,90,6,183
GENE_489,207,143,76,139,53,142,84,71,40,187,414,23,45,165,127,64,210,59,122,130,36,26,143,23,32,41,62,40,57,5900,76,89,4,1,8,189,96,64,227,57,43,286,310,120,49,100,527,210,257,174
GENE_490,66,77,73,144,244,123,23,118,3,41,583,69,225,136,74,76,105,555,122,224,87,62,53,98,83,148,16,114,22,366,181,100,21,24,177,2,26,36,213,6,67,168,56,218,86,44,101,115,4,11
GENE_491,87,31,278,36,62,15,38,86,116,73,54,81,85,200,150,126,88,134,219,84,126,10,18,81,129,92,154,126,18,231,351,78,56,7,363,26,48,118,1,0,53,310,128,164,162,10,280,124,143,12
GENE_492,38,197,121,9,181,124,102,99,166,48,355,113,21,22,3850,67,266,60,6,118,61,240,127,389,22,496,196,35,23,405,77,156,17,45,77,28,106,39,55,24,243,137,152,67,207,10,66,67,119,128
GENE_493,19,12,75,15,154,123,31,116,99,37,47,593,16,11,389,73,248,164,27,40,175,5,267,52,106,9,59,326,122,121,64,279,197,41,134,38,108,62,163,175,835,12,17,37,177,117,1,1,1,22
GENE_494,53,318,176,123,48,172,5,146,106,4,0,5,66,18,38,43,115,106,17,72,16,4,51,59,32,25,117,151,270,4,153,116,3,366,59,14,9,195,124,87,7,26,4,50,49,38,33,234,111,66
GENE_495,41,1950,289,106,24,7,2,113,32,44,18,7,91,23,15,25,0,21,266,134,137,65,102,23,426,17,3,57,173,82,184,8,279,33,80,187,250,9,1850,10,124,20,18,74,135,60,32,32,386,101
GENE_496,90,235,2,145,47,2,1,73,3,209,310,14,35,79,63,274,13,83,54,132,274,105,135,103,118,390,21,47,57,93,39,78,7,112,41,19,1,82,191,51,41,43,36,9,71,140,147,62,78,90
GENE_497,4,92,409,292,177,42,1,112,175,108,1,145,98,370,75,44,205,92,231,55,46,25,167,160,93,191,70,125,82,12,84,130,235,182,122,162,319,75,89,2,21,41,355,78,218,25,15,14,34,36
GENE_498,384,170,10,114,29,17,10,63,62,25,84,16,5,42,45,7,9,52,33,89,47,93,26,24,11,20,31,45,88,162,15,26,25,75,25,43,42,48,516,158,46,183,3,72,107,7,15,168,78,1
GENE_499,21700,403,174,18,73,86,20,29,30,88,8,96,14,329,39,19,21,20,14,262,6,260,95,0,84,42,14000,25,94,123,106,46,437,124,24,62,27,76,28,56,648,48,255,135,13,47,97,2,13,68
